<annotation>
	<folder>three</folder>
	<filename>201.jpg</filename>
	<path>C:\实验室\ooo\three\three\201.jpg</path>
	<source>
		<database>Unknown</database>
	</source>
	<size>
		<width>640</width>
		<height>480</height>
		<depth>3</depth>
	</size>
	<segmented>0</segmented>
	<object>
		<name>fire</name>
		<pose>Unspecified</pose>
		<truncated>0</truncated>
		<difficult>0</difficult>
		<bndbox>
			<xmin>334</xmin>
			<ymin>197</ymin>
			<xmax>360</xmax>
			<ymax>233</ymax>
		</bndbox>
	</object>
	<object>
		<name>candle</name>
		<pose>Unspecified</pose>
		<truncated>0</truncated>
		<difficult>0</difficult>
		<bndbox>
			<xmin>321</xmin>
			<ymin>227</ymin>
			<xmax>356</xmax>
			<ymax>293</ymax>
		</bndbox>
	</object>
</annotation>
