<annotation>
	<folder>three</folder>
	<filename>202.jpg</filename>
	<path>C:\实验室\ooo\three\three\202.jpg</path>
	<source>
		<database>Unknown</database>
	</source>
	<size>
		<width>640</width>
		<height>480</height>
		<depth>3</depth>
	</size>
	<segmented>0</segmented>
	<object>
		<name>fire</name>
		<pose>Unspecified</pose>
		<truncated>0</truncated>
		<difficult>0</difficult>
		<bndbox>
			<xmin>382</xmin>
			<ymin>217</ymin>
			<xmax>407</xmax>
			<ymax>246</ymax>
		</bndbox>
	</object>
	<object>
		<name>candle</name>
		<pose>Unspecified</pose>
		<truncated>0</truncated>
		<difficult>0</difficult>
		<bndbox>
			<xmin>362</xmin>
			<ymin>245</ymin>
			<xmax>407</xmax>
			<ymax>300</ymax>
		</bndbox>
	</object>
</annotation>
