<annotation>
	<folder>three</folder>
	<filename>203.jpg</filename>
	<path>C:\实验室\ooo\three\three\203.jpg</path>
	<source>
		<database>Unknown</database>
	</source>
	<size>
		<width>640</width>
		<height>480</height>
		<depth>3</depth>
	</size>
	<segmented>0</segmented>
	<object>
		<name>fire</name>
		<pose>Unspecified</pose>
		<truncated>0</truncated>
		<difficult>0</difficult>
		<bndbox>
			<xmin>357</xmin>
			<ymin>214</ymin>
			<xmax>381</xmax>
			<ymax>247</ymax>
		</bndbox>
	</object>
	<object>
		<name>candle</name>
		<pose>Unspecified</pose>
		<truncated>0</truncated>
		<difficult>0</difficult>
		<bndbox>
			<xmin>341</xmin>
			<ymin>245</ymin>
			<xmax>372</xmax>
			<ymax>294</ymax>
		</bndbox>
	</object>
</annotation>
