<annotation>
	<folder>three</folder>
	<filename>204.jpg</filename>
	<path>C:\实验室\ooo\three\three\204.jpg</path>
	<source>
		<database>Unknown</database>
	</source>
	<size>
		<width>640</width>
		<height>480</height>
		<depth>3</depth>
	</size>
	<segmented>0</segmented>
	<object>
		<name>fire</name>
		<pose>Unspecified</pose>
		<truncated>0</truncated>
		<difficult>0</difficult>
		<bndbox>
			<xmin>339</xmin>
			<ymin>181</ymin>
			<xmax>362</xmax>
			<ymax>210</ymax>
		</bndbox>
	</object>
	<object>
		<name>candle</name>
		<pose>Unspecified</pose>
		<truncated>0</truncated>
		<difficult>0</difficult>
		<bndbox>
			<xmin>312</xmin>
			<ymin>207</ymin>
			<xmax>352</xmax>
			<ymax>256</ymax>
		</bndbox>
	</object>
</annotation>
