<annotation>
	<folder>three</folder>
	<filename>205.jpg</filename>
	<path>C:\实验室\ooo\three\three\205.jpg</path>
	<source>
		<database>Unknown</database>
	</source>
	<size>
		<width>640</width>
		<height>480</height>
		<depth>3</depth>
	</size>
	<segmented>0</segmented>
	<object>
		<name>fire</name>
		<pose>Unspecified</pose>
		<truncated>0</truncated>
		<difficult>0</difficult>
		<bndbox>
			<xmin>382</xmin>
			<ymin>202</ymin>
			<xmax>408</xmax>
			<ymax>229</ymax>
		</bndbox>
	</object>
	<object>
		<name>candle</name>
		<pose>Unspecified</pose>
		<truncated>0</truncated>
		<difficult>0</difficult>
		<bndbox>
			<xmin>360</xmin>
			<ymin>219</ymin>
			<xmax>400</xmax>
			<ymax>282</ymax>
		</bndbox>
	</object>
</annotation>
