<annotation>
	<folder>three</folder>
	<filename>206.jpg</filename>
	<path>C:\实验室\ooo\three\three\206.jpg</path>
	<source>
		<database>Unknown</database>
	</source>
	<size>
		<width>640</width>
		<height>480</height>
		<depth>3</depth>
	</size>
	<segmented>0</segmented>
	<object>
		<name>fire</name>
		<pose>Unspecified</pose>
		<truncated>0</truncated>
		<difficult>0</difficult>
		<bndbox>
			<xmin>339</xmin>
			<ymin>118</ymin>
			<xmax>361</xmax>
			<ymax>155</ymax>
		</bndbox>
	</object>
	<object>
		<name>candle</name>
		<pose>Unspecified</pose>
		<truncated>0</truncated>
		<difficult>0</difficult>
		<bndbox>
			<xmin>323</xmin>
			<ymin>146</ymin>
			<xmax>364</xmax>
			<ymax>196</ymax>
		</bndbox>
	</object>
</annotation>
