<annotation>
	<folder>three</folder>
	<filename>207.jpg</filename>
	<path>C:\实验室\ooo\three\three\207.jpg</path>
	<source>
		<database>Unknown</database>
	</source>
	<size>
		<width>640</width>
		<height>480</height>
		<depth>3</depth>
	</size>
	<segmented>0</segmented>
	<object>
		<name>fire</name>
		<pose>Unspecified</pose>
		<truncated>0</truncated>
		<difficult>0</difficult>
		<bndbox>
			<xmin>296</xmin>
			<ymin>98</ymin>
			<xmax>318</xmax>
			<ymax>128</ymax>
		</bndbox>
	</object>
	<object>
		<name>candle</name>
		<pose>Unspecified</pose>
		<truncated>0</truncated>
		<difficult>0</difficult>
		<bndbox>
			<xmin>288</xmin>
			<ymin>125</ymin>
			<xmax>319</xmax>
			<ymax>177</ymax>
		</bndbox>
	</object>
</annotation>
