<annotation>
	<folder>three</folder>
	<filename>208.jpg</filename>
	<path>C:\实验室\ooo\three\three\208.jpg</path>
	<source>
		<database>Unknown</database>
	</source>
	<size>
		<width>640</width>
		<height>480</height>
		<depth>3</depth>
	</size>
	<segmented>0</segmented>
	<object>
		<name>fire</name>
		<pose>Unspecified</pose>
		<truncated>0</truncated>
		<difficult>0</difficult>
		<bndbox>
			<xmin>276</xmin>
			<ymin>79</ymin>
			<xmax>297</xmax>
			<ymax>100</ymax>
		</bndbox>
	</object>
	<object>
		<name>candle</name>
		<pose>Unspecified</pose>
		<truncated>0</truncated>
		<difficult>0</difficult>
		<bndbox>
			<xmin>262</xmin>
			<ymin>101</ymin>
			<xmax>302</xmax>
			<ymax>153</ymax>
		</bndbox>
	</object>
</annotation>
