<annotation>
	<folder>three</folder>
	<filename>209.jpg</filename>
	<path>C:\实验室\ooo\three\three\209.jpg</path>
	<source>
		<database>Unknown</database>
	</source>
	<size>
		<width>640</width>
		<height>480</height>
		<depth>3</depth>
	</size>
	<segmented>0</segmented>
	<object>
		<name>fire</name>
		<pose>Unspecified</pose>
		<truncated>0</truncated>
		<difficult>0</difficult>
		<bndbox>
			<xmin>294</xmin>
			<ymin>104</ymin>
			<xmax>321</xmax>
			<ymax>136</ymax>
		</bndbox>
	</object>
	<object>
		<name>candle</name>
		<pose>Unspecified</pose>
		<truncated>0</truncated>
		<difficult>0</difficult>
		<bndbox>
			<xmin>286</xmin>
			<ymin>130</ymin>
			<xmax>316</xmax>
			<ymax>178</ymax>
		</bndbox>
	</object>
</annotation>
