<annotation>
	<folder>three</folder>
	<filename>210.jpg</filename>
	<path>C:\实验室\ooo\three\three\210.jpg</path>
	<source>
		<database>Unknown</database>
	</source>
	<size>
		<width>640</width>
		<height>480</height>
		<depth>3</depth>
	</size>
	<segmented>0</segmented>
	<object>
		<name>fire</name>
		<pose>Unspecified</pose>
		<truncated>0</truncated>
		<difficult>0</difficult>
		<bndbox>
			<xmin>268</xmin>
			<ymin>147</ymin>
			<xmax>297</xmax>
			<ymax>180</ymax>
		</bndbox>
	</object>
	<object>
		<name>candle</name>
		<pose>Unspecified</pose>
		<truncated>0</truncated>
		<difficult>0</difficult>
		<bndbox>
			<xmin>257</xmin>
			<ymin>176</ymin>
			<xmax>288</xmax>
			<ymax>227</ymax>
		</bndbox>
	</object>
</annotation>
