<annotation>
	<folder>three</folder>
	<filename>211.jpg</filename>
	<path>C:\实验室\ooo\three\three\211.jpg</path>
	<source>
		<database>Unknown</database>
	</source>
	<size>
		<width>640</width>
		<height>480</height>
		<depth>3</depth>
	</size>
	<segmented>0</segmented>
	<object>
		<name>fire</name>
		<pose>Unspecified</pose>
		<truncated>0</truncated>
		<difficult>0</difficult>
		<bndbox>
			<xmin>328</xmin>
			<ymin>190</ymin>
			<xmax>352</xmax>
			<ymax>215</ymax>
		</bndbox>
	</object>
	<object>
		<name>candle</name>
		<pose>Unspecified</pose>
		<truncated>0</truncated>
		<difficult>0</difficult>
		<bndbox>
			<xmin>315</xmin>
			<ymin>213</ymin>
			<xmax>349</xmax>
			<ymax>268</ymax>
		</bndbox>
	</object>
</annotation>
