<annotation>
	<folder>three</folder>
	<filename>212.jpg</filename>
	<path>C:\实验室\ooo\three\three\212.jpg</path>
	<source>
		<database>Unknown</database>
	</source>
	<size>
		<width>640</width>
		<height>480</height>
		<depth>3</depth>
	</size>
	<segmented>0</segmented>
	<object>
		<name>fire</name>
		<pose>Unspecified</pose>
		<truncated>0</truncated>
		<difficult>0</difficult>
		<bndbox>
			<xmin>293</xmin>
			<ymin>131</ymin>
			<xmax>327</xmax>
			<ymax>158</ymax>
		</bndbox>
	</object>
	<object>
		<name>candle</name>
		<pose>Unspecified</pose>
		<truncated>0</truncated>
		<difficult>0</difficult>
		<bndbox>
			<xmin>289</xmin>
			<ymin>158</ymin>
			<xmax>320</xmax>
			<ymax>202</ymax>
		</bndbox>
	</object>
</annotation>
