<annotation>
	<folder>three</folder>
	<filename>213.jpg</filename>
	<path>C:\实验室\ooo\three\three\213.jpg</path>
	<source>
		<database>Unknown</database>
	</source>
	<size>
		<width>640</width>
		<height>480</height>
		<depth>3</depth>
	</size>
	<segmented>0</segmented>
	<object>
		<name>fire</name>
		<pose>Unspecified</pose>
		<truncated>0</truncated>
		<difficult>0</difficult>
		<bndbox>
			<xmin>290</xmin>
			<ymin>73</ymin>
			<xmax>312</xmax>
			<ymax>97</ymax>
		</bndbox>
	</object>
	<object>
		<name>candle</name>
		<pose>Unspecified</pose>
		<truncated>0</truncated>
		<difficult>0</difficult>
		<bndbox>
			<xmin>279</xmin>
			<ymin>101</ymin>
			<xmax>310</xmax>
			<ymax>146</ymax>
		</bndbox>
	</object>
</annotation>
