<annotation>
	<folder>three</folder>
	<filename>214.jpg</filename>
	<path>C:\实验室\ooo\three\three\214.jpg</path>
	<source>
		<database>Unknown</database>
	</source>
	<size>
		<width>640</width>
		<height>480</height>
		<depth>3</depth>
	</size>
	<segmented>0</segmented>
	<object>
		<name>fire</name>
		<pose>Unspecified</pose>
		<truncated>0</truncated>
		<difficult>0</difficult>
		<bndbox>
			<xmin>361</xmin>
			<ymin>121</ymin>
			<xmax>381</xmax>
			<ymax>151</ymax>
		</bndbox>
	</object>
	<object>
		<name>candle</name>
		<pose>Unspecified</pose>
		<truncated>0</truncated>
		<difficult>0</difficult>
		<bndbox>
			<xmin>349</xmin>
			<ymin>143</ymin>
			<xmax>378</xmax>
			<ymax>198</ymax>
		</bndbox>
	</object>
</annotation>
