<annotation>
	<folder>three</folder>
	<filename>216.jpg</filename>
	<path>C:\实验室\ooo\three\three\216.jpg</path>
	<source>
		<database>Unknown</database>
	</source>
	<size>
		<width>640</width>
		<height>480</height>
		<depth>3</depth>
	</size>
	<segmented>0</segmented>
	<object>
		<name>fire</name>
		<pose>Unspecified</pose>
		<truncated>0</truncated>
		<difficult>0</difficult>
		<bndbox>
			<xmin>379</xmin>
			<ymin>97</ymin>
			<xmax>404</xmax>
			<ymax>124</ymax>
		</bndbox>
	</object>
	<object>
		<name>candle</name>
		<pose>Unspecified</pose>
		<truncated>0</truncated>
		<difficult>0</difficult>
		<bndbox>
			<xmin>367</xmin>
			<ymin>122</ymin>
			<xmax>396</xmax>
			<ymax>176</ymax>
		</bndbox>
	</object>
</annotation>
