<annotation>
	<folder>three</folder>
	<filename>217.jpg</filename>
	<path>C:\实验室\ooo\three\three\217.jpg</path>
	<source>
		<database>Unknown</database>
	</source>
	<size>
		<width>640</width>
		<height>480</height>
		<depth>3</depth>
	</size>
	<segmented>0</segmented>
	<object>
		<name>fire</name>
		<pose>Unspecified</pose>
		<truncated>0</truncated>
		<difficult>0</difficult>
		<bndbox>
			<xmin>300</xmin>
			<ymin>203</ymin>
			<xmax>340</xmax>
			<ymax>264</ymax>
		</bndbox>
	</object>
	<object>
		<name>candle</name>
		<pose>Unspecified</pose>
		<truncated>0</truncated>
		<difficult>0</difficult>
		<bndbox>
			<xmin>269</xmin>
			<ymin>233</ymin>
			<xmax>355</xmax>
			<ymax>383</ymax>
		</bndbox>
	</object>
</annotation>
