<annotation>
	<folder>three</folder>
	<filename>222.jpg</filename>
	<path>C:\实验室\ooo\three\three\222.jpg</path>
	<source>
		<database>Unknown</database>
	</source>
	<size>
		<width>640</width>
		<height>480</height>
		<depth>3</depth>
	</size>
	<segmented>0</segmented>
	<object>
		<name>fire</name>
		<pose>Unspecified</pose>
		<truncated>0</truncated>
		<difficult>0</difficult>
		<bndbox>
			<xmin>341</xmin>
			<ymin>236</ymin>
			<xmax>403</xmax>
			<ymax>301</ymax>
		</bndbox>
	</object>
	<object>
		<name>candle</name>
		<pose>Unspecified</pose>
		<truncated>0</truncated>
		<difficult>0</difficult>
		<bndbox>
			<xmin>296</xmin>
			<ymin>255</ymin>
			<xmax>405</xmax>
			<ymax>400</ymax>
		</bndbox>
	</object>
</annotation>
