<annotation>
	<folder>three</folder>
	<filename>224.jpg</filename>
	<path>C:\实验室\ooo\three\three\224.jpg</path>
	<source>
		<database>Unknown</database>
	</source>
	<size>
		<width>640</width>
		<height>480</height>
		<depth>3</depth>
	</size>
	<segmented>0</segmented>
	<object>
		<name>fire</name>
		<pose>Unspecified</pose>
		<truncated>0</truncated>
		<difficult>0</difficult>
		<bndbox>
			<xmin>340</xmin>
			<ymin>128</ymin>
			<xmax>421</xmax>
			<ymax>195</ymax>
		</bndbox>
	</object>
	<object>
		<name>candle</name>
		<pose>Unspecified</pose>
		<truncated>0</truncated>
		<difficult>0</difficult>
		<bndbox>
			<xmin>321</xmin>
			<ymin>147</ymin>
			<xmax>427</xmax>
			<ymax>276</ymax>
		</bndbox>
	</object>
</annotation>
