<annotation>
	<folder>three</folder>
	<filename>225.jpg</filename>
	<path>C:\实验室\ooo\three\three\225.jpg</path>
	<source>
		<database>Unknown</database>
	</source>
	<size>
		<width>640</width>
		<height>480</height>
		<depth>3</depth>
	</size>
	<segmented>0</segmented>
	<object>
		<name>fire</name>
		<pose>Unspecified</pose>
		<truncated>0</truncated>
		<difficult>0</difficult>
		<bndbox>
			<xmin>402</xmin>
			<ymin>66</ymin>
			<xmax>474</xmax>
			<ymax>150</ymax>
		</bndbox>
	</object>
	<object>
		<name>candle</name>
		<pose>Unspecified</pose>
		<truncated>0</truncated>
		<difficult>0</difficult>
		<bndbox>
			<xmin>353</xmin>
			<ymin>94</ymin>
			<xmax>470</xmax>
			<ymax>236</ymax>
		</bndbox>
	</object>
</annotation>
