<annotation>
	<folder>three</folder>
	<filename>226.jpg</filename>
	<path>C:\实验室\ooo\three\three\226.jpg</path>
	<source>
		<database>Unknown</database>
	</source>
	<size>
		<width>640</width>
		<height>480</height>
		<depth>3</depth>
	</size>
	<segmented>0</segmented>
	<object>
		<name>fire</name>
		<pose>Unspecified</pose>
		<truncated>0</truncated>
		<difficult>0</difficult>
		<bndbox>
			<xmin>457</xmin>
			<ymin>165</ymin>
			<xmax>537</xmax>
			<ymax>241</ymax>
		</bndbox>
	</object>
	<object>
		<name>candle</name>
		<pose>Unspecified</pose>
		<truncated>0</truncated>
		<difficult>0</difficult>
		<bndbox>
			<xmin>414</xmin>
			<ymin>194</ymin>
			<xmax>525</xmax>
			<ymax>324</ymax>
		</bndbox>
	</object>
</annotation>
