<annotation>
	<folder>three</folder>
	<filename>227.jpg</filename>
	<path>C:\实验室\ooo\three\three\227.jpg</path>
	<source>
		<database>Unknown</database>
	</source>
	<size>
		<width>640</width>
		<height>480</height>
		<depth>3</depth>
	</size>
	<segmented>0</segmented>
	<object>
		<name>fire</name>
		<pose>Unspecified</pose>
		<truncated>0</truncated>
		<difficult>0</difficult>
		<bndbox>
			<xmin>369</xmin>
			<ymin>241</ymin>
			<xmax>430</xmax>
			<ymax>323</ymax>
		</bndbox>
	</object>
	<object>
		<name>candle</name>
		<pose>Unspecified</pose>
		<truncated>0</truncated>
		<difficult>0</difficult>
		<bndbox>
			<xmin>331</xmin>
			<ymin>262</ymin>
			<xmax>431</xmax>
			<ymax>406</ymax>
		</bndbox>
	</object>
</annotation>
