<annotation>
	<folder>three</folder>
	<filename>228.jpg</filename>
	<path>C:\实验室\ooo\three\three\228.jpg</path>
	<source>
		<database>Unknown</database>
	</source>
	<size>
		<width>640</width>
		<height>480</height>
		<depth>3</depth>
	</size>
	<segmented>0</segmented>
	<object>
		<name>fire</name>
		<pose>Unspecified</pose>
		<truncated>0</truncated>
		<difficult>0</difficult>
		<bndbox>
			<xmin>259</xmin>
			<ymin>237</ymin>
			<xmax>325</xmax>
			<ymax>321</ymax>
		</bndbox>
	</object>
	<object>
		<name>candle</name>
		<pose>Unspecified</pose>
		<truncated>0</truncated>
		<difficult>0</difficult>
		<bndbox>
			<xmin>227</xmin>
			<ymin>268</ymin>
			<xmax>325</xmax>
			<ymax>387</ymax>
		</bndbox>
	</object>
</annotation>
