<annotation>
	<folder>three</folder>
	<filename>232.jpg</filename>
	<path>C:\实验室\ooo\three\three\232.jpg</path>
	<source>
		<database>Unknown</database>
	</source>
	<size>
		<width>640</width>
		<height>480</height>
		<depth>3</depth>
	</size>
	<segmented>0</segmented>
	<object>
		<name>fire</name>
		<pose>Unspecified</pose>
		<truncated>0</truncated>
		<difficult>0</difficult>
		<bndbox>
			<xmin>361</xmin>
			<ymin>203</ymin>
			<xmax>427</xmax>
			<ymax>276</ymax>
		</bndbox>
	</object>
	<object>
		<name>candle</name>
		<pose>Unspecified</pose>
		<truncated>0</truncated>
		<difficult>0</difficult>
		<bndbox>
			<xmin>325</xmin>
			<ymin>231</ymin>
			<xmax>431</xmax>
			<ymax>374</ymax>
		</bndbox>
	</object>
	<object>
		<name>fire</name>
		<pose>Unspecified</pose>
		<truncated>0</truncated>
		<difficult>0</difficult>
		<bndbox>
			<xmin>100</xmin>
			<ymin>62</ymin>
			<xmax>131</xmax>
			<ymax>105</ymax>
		</bndbox>
	</object>
</annotation>
