<annotation>
	<folder>three</folder>
	<filename>234.jpg</filename>
	<path>C:\实验室\ooo\three\three\234.jpg</path>
	<source>
		<database>Unknown</database>
	</source>
	<size>
		<width>640</width>
		<height>480</height>
		<depth>3</depth>
	</size>
	<segmented>0</segmented>
	<object>
		<name>fire</name>
		<pose>Unspecified</pose>
		<truncated>0</truncated>
		<difficult>0</difficult>
		<bndbox>
			<xmin>275</xmin>
			<ymin>176</ymin>
			<xmax>363</xmax>
			<ymax>256</ymax>
		</bndbox>
	</object>
	<object>
		<name>candle</name>
		<pose>Unspecified</pose>
		<truncated>0</truncated>
		<difficult>0</difficult>
		<bndbox>
			<xmin>250</xmin>
			<ymin>199</ymin>
			<xmax>351</xmax>
			<ymax>352</ymax>
		</bndbox>
	</object>
</annotation>
