<annotation>
	<folder>three</folder>
	<filename>236.jpg</filename>
	<path>C:\实验室\ooo\three\three\236.jpg</path>
	<source>
		<database>Unknown</database>
	</source>
	<size>
		<width>640</width>
		<height>480</height>
		<depth>3</depth>
	</size>
	<segmented>0</segmented>
	<object>
		<name>fire</name>
		<pose>Unspecified</pose>
		<truncated>0</truncated>
		<difficult>0</difficult>
		<bndbox>
			<xmin>257</xmin>
			<ymin>229</ymin>
			<xmax>332</xmax>
			<ymax>322</ymax>
		</bndbox>
	</object>
	<object>
		<name>candle</name>
		<pose>Unspecified</pose>
		<truncated>0</truncated>
		<difficult>0</difficult>
		<bndbox>
			<xmin>212</xmin>
			<ymin>266</ymin>
			<xmax>325</xmax>
			<ymax>422</ymax>
		</bndbox>
	</object>
	<object>
		<name>fire</name>
		<pose>Unspecified</pose>
		<truncated>0</truncated>
		<difficult>0</difficult>
		<bndbox>
			<xmin>207</xmin>
			<ymin>154</ymin>
			<xmax>267</xmax>
			<ymax>204</ymax>
		</bndbox>
	</object>
</annotation>
