<annotation>
	<folder>three</folder>
	<filename>237.jpg</filename>
	<path>C:\实验室\ooo\three\three\237.jpg</path>
	<source>
		<database>Unknown</database>
	</source>
	<size>
		<width>640</width>
		<height>480</height>
		<depth>3</depth>
	</size>
	<segmented>0</segmented>
	<object>
		<name>fire</name>
		<pose>Unspecified</pose>
		<truncated>0</truncated>
		<difficult>0</difficult>
		<bndbox>
			<xmin>281</xmin>
			<ymin>145</ymin>
			<xmax>361</xmax>
			<ymax>214</ymax>
		</bndbox>
	</object>
	<object>
		<name>candle</name>
		<pose>Unspecified</pose>
		<truncated>0</truncated>
		<difficult>0</difficult>
		<bndbox>
			<xmin>234</xmin>
			<ymin>167</ymin>
			<xmax>340</xmax>
			<ymax>288</ymax>
		</bndbox>
	</object>
</annotation>
