<annotation>
	<folder>three</folder>
	<filename>238.jpg</filename>
	<path>C:\实验室\ooo\three\three\238.jpg</path>
	<source>
		<database>Unknown</database>
	</source>
	<size>
		<width>640</width>
		<height>480</height>
		<depth>3</depth>
	</size>
	<segmented>0</segmented>
	<object>
		<name>fire</name>
		<pose>Unspecified</pose>
		<truncated>0</truncated>
		<difficult>0</difficult>
		<bndbox>
			<xmin>296</xmin>
			<ymin>84</ymin>
			<xmax>392</xmax>
			<ymax>173</ymax>
		</bndbox>
	</object>
	<object>
		<name>candle</name>
		<pose>Unspecified</pose>
		<truncated>0</truncated>
		<difficult>0</difficult>
		<bndbox>
			<xmin>261</xmin>
			<ymin>131</ymin>
			<xmax>362</xmax>
			<ymax>258</ymax>
		</bndbox>
	</object>
</annotation>
