<annotation>
	<folder>three</folder>
	<filename>239.jpg</filename>
	<path>C:\实验室\ooo\three\three\239.jpg</path>
	<source>
		<database>Unknown</database>
	</source>
	<size>
		<width>640</width>
		<height>480</height>
		<depth>3</depth>
	</size>
	<segmented>0</segmented>
	<object>
		<name>fire</name>
		<pose>Unspecified</pose>
		<truncated>0</truncated>
		<difficult>0</difficult>
		<bndbox>
			<xmin>308</xmin>
			<ymin>69</ymin>
			<xmax>400</xmax>
			<ymax>147</ymax>
		</bndbox>
	</object>
	<object>
		<name>candle</name>
		<pose>Unspecified</pose>
		<truncated>0</truncated>
		<difficult>0</difficult>
		<bndbox>
			<xmin>270</xmin>
			<ymin>91</ymin>
			<xmax>368</xmax>
			<ymax>236</ymax>
		</bndbox>
	</object>
</annotation>
