<annotation>
	<folder>three</folder>
	<filename>240.jpg</filename>
	<path>C:\实验室\ooo\three\three\240.jpg</path>
	<source>
		<database>Unknown</database>
	</source>
	<size>
		<width>640</width>
		<height>480</height>
		<depth>3</depth>
	</size>
	<segmented>0</segmented>
	<object>
		<name>fire</name>
		<pose>Unspecified</pose>
		<truncated>0</truncated>
		<difficult>0</difficult>
		<bndbox>
			<xmin>309</xmin>
			<ymin>95</ymin>
			<xmax>381</xmax>
			<ymax>173</ymax>
		</bndbox>
	</object>
	<object>
		<name>candle</name>
		<pose>Unspecified</pose>
		<truncated>0</truncated>
		<difficult>0</difficult>
		<bndbox>
			<xmin>292</xmin>
			<ymin>124</ymin>
			<xmax>367</xmax>
			<ymax>215</ymax>
		</bndbox>
	</object>
</annotation>
