<annotation>
	<folder>three</folder>
	<filename>245.jpg</filename>
	<path>C:\实验室\ooo\three\three\245.jpg</path>
	<source>
		<database>Unknown</database>
	</source>
	<size>
		<width>640</width>
		<height>480</height>
		<depth>3</depth>
	</size>
	<segmented>0</segmented>
	<object>
		<name>fire</name>
		<pose>Unspecified</pose>
		<truncated>0</truncated>
		<difficult>0</difficult>
		<bndbox>
			<xmin>296</xmin>
			<ymin>184</ymin>
			<xmax>345</xmax>
			<ymax>246</ymax>
		</bndbox>
	</object>
	<object>
		<name>candle</name>
		<pose>Unspecified</pose>
		<truncated>0</truncated>
		<difficult>0</difficult>
		<bndbox>
			<xmin>270</xmin>
			<ymin>209</ymin>
			<xmax>378</xmax>
			<ymax>334</ymax>
		</bndbox>
	</object>
</annotation>
