<annotation>
	<folder>three</folder>
	<filename>246.jpg</filename>
	<path>C:\实验室\ooo\three\three\246.jpg</path>
	<source>
		<database>Unknown</database>
	</source>
	<size>
		<width>640</width>
		<height>480</height>
		<depth>3</depth>
	</size>
	<segmented>0</segmented>
	<object>
		<name>fire</name>
		<pose>Unspecified</pose>
		<truncated>0</truncated>
		<difficult>0</difficult>
		<bndbox>
			<xmin>254</xmin>
			<ymin>178</ymin>
			<xmax>317</xmax>
			<ymax>237</ymax>
		</bndbox>
	</object>
	<object>
		<name>candle</name>
		<pose>Unspecified</pose>
		<truncated>0</truncated>
		<difficult>0</difficult>
		<bndbox>
			<xmin>240</xmin>
			<ymin>211</ymin>
			<xmax>337</xmax>
			<ymax>325</ymax>
		</bndbox>
	</object>
</annotation>
