<annotation>
	<folder>three</folder>
	<filename>247.jpg</filename>
	<path>C:\实验室\ooo\three\three\247.jpg</path>
	<source>
		<database>Unknown</database>
	</source>
	<size>
		<width>640</width>
		<height>480</height>
		<depth>3</depth>
	</size>
	<segmented>0</segmented>
	<object>
		<name>fire</name>
		<pose>Unspecified</pose>
		<truncated>0</truncated>
		<difficult>0</difficult>
		<bndbox>
			<xmin>287</xmin>
			<ymin>83</ymin>
			<xmax>360</xmax>
			<ymax>167</ymax>
		</bndbox>
	</object>
	<object>
		<name>candle</name>
		<pose>Unspecified</pose>
		<truncated>0</truncated>
		<difficult>0</difficult>
		<bndbox>
			<xmin>275</xmin>
			<ymin>138</ymin>
			<xmax>357</xmax>
			<ymax>324</ymax>
		</bndbox>
	</object>
</annotation>
