<annotation>
	<folder>three</folder>
	<filename>248.jpg</filename>
	<path>C:\实验室\ooo\three\three\248.jpg</path>
	<source>
		<database>Unknown</database>
	</source>
	<size>
		<width>640</width>
		<height>480</height>
		<depth>3</depth>
	</size>
	<segmented>0</segmented>
	<object>
		<name>fire</name>
		<pose>Unspecified</pose>
		<truncated>0</truncated>
		<difficult>0</difficult>
		<bndbox>
			<xmin>306</xmin>
			<ymin>107</ymin>
			<xmax>416</xmax>
			<ymax>230</ymax>
		</bndbox>
	</object>
	<object>
		<name>candle</name>
		<pose>Unspecified</pose>
		<truncated>1</truncated>
		<difficult>0</difficult>
		<bndbox>
			<xmin>300</xmin>
			<ymin>206</ymin>
			<xmax>480</xmax>
			<ymax>480</ymax>
		</bndbox>
	</object>
</annotation>
