<annotation>
	<folder>three</folder>
	<filename>249.jpg</filename>
	<path>C:\实验室\ooo\three\three\249.jpg</path>
	<source>
		<database>Unknown</database>
	</source>
	<size>
		<width>640</width>
		<height>480</height>
		<depth>3</depth>
	</size>
	<segmented>0</segmented>
	<object>
		<name>fire</name>
		<pose>Unspecified</pose>
		<truncated>0</truncated>
		<difficult>0</difficult>
		<bndbox>
			<xmin>324</xmin>
			<ymin>115</ymin>
			<xmax>425</xmax>
			<ymax>233</ymax>
		</bndbox>
	</object>
	<object>
		<name>candle</name>
		<pose>Unspecified</pose>
		<truncated>0</truncated>
		<difficult>0</difficult>
		<bndbox>
			<xmin>305</xmin>
			<ymin>204</ymin>
			<xmax>465</xmax>
			<ymax>444</ymax>
		</bndbox>
	</object>
</annotation>
