<annotation>
	<folder>three</folder>
	<filename>250.jpg</filename>
	<path>C:\实验室\ooo\three\three\250.jpg</path>
	<source>
		<database>Unknown</database>
	</source>
	<size>
		<width>640</width>
		<height>480</height>
		<depth>3</depth>
	</size>
	<segmented>0</segmented>
	<object>
		<name>fire</name>
		<pose>Unspecified</pose>
		<truncated>0</truncated>
		<difficult>0</difficult>
		<bndbox>
			<xmin>397</xmin>
			<ymin>134</ymin>
			<xmax>499</xmax>
			<ymax>248</ymax>
		</bndbox>
	</object>
	<object>
		<name>candle</name>
		<pose>Unspecified</pose>
		<truncated>0</truncated>
		<difficult>0</difficult>
		<bndbox>
			<xmin>375</xmin>
			<ymin>200</ymin>
			<xmax>511</xmax>
			<ymax>460</ymax>
		</bndbox>
	</object>
</annotation>
