<annotation>
	<folder>three</folder>
	<filename>266.jpg</filename>
	<path>C:\实验室\ooo\three\three\266.jpg</path>
	<source>
		<database>Unknown</database>
	</source>
	<size>
		<width>640</width>
		<height>480</height>
		<depth>3</depth>
	</size>
	<segmented>0</segmented>
	<object>
		<name>fire</name>
		<pose>Unspecified</pose>
		<truncated>0</truncated>
		<difficult>0</difficult>
		<bndbox>
			<xmin>528</xmin>
			<ymin>174</ymin>
			<xmax>600</xmax>
			<ymax>273</ymax>
		</bndbox>
	</object>
	<object>
		<name>candle</name>
		<pose>Unspecified</pose>
		<truncated>0</truncated>
		<difficult>0</difficult>
		<bndbox>
			<xmin>468</xmin>
			<ymin>209</ymin>
			<xmax>608</xmax>
			<ymax>440</ymax>
		</bndbox>
	</object>
	<object>
		<name>candle</name>
		<pose>Unspecified</pose>
		<truncated>0</truncated>
		<difficult>0</difficult>
		<bndbox>
			<xmin>35</xmin>
			<ymin>45</ymin>
			<xmax>83</xmax>
			<ymax>94</ymax>
		</bndbox>
	</object>
	<object>
		<name>fire</name>
		<pose>Unspecified</pose>
		<truncated>0</truncated>
		<difficult>0</difficult>
		<bndbox>
			<xmin>19</xmin>
			<ymin>6</ymin>
			<xmax>64</xmax>
			<ymax>53</ymax>
		</bndbox>
	</object>
	<object>
		<name>fire</name>
		<pose>Unspecified</pose>
		<truncated>0</truncated>
		<difficult>0</difficult>
		<bndbox>
			<xmin>188</xmin>
			<ymin>105</ymin>
			<xmax>235</xmax>
			<ymax>132</ymax>
		</bndbox>
	</object>
</annotation>
