<annotation>
	<folder>three</folder>
	<filename>269.jpg</filename>
	<path>C:\实验室\ooo\three\three\269.jpg</path>
	<source>
		<database>Unknown</database>
	</source>
	<size>
		<width>640</width>
		<height>480</height>
		<depth>3</depth>
	</size>
	<segmented>0</segmented>
	<object>
		<name>fire</name>
		<pose>Unspecified</pose>
		<truncated>0</truncated>
		<difficult>0</difficult>
		<bndbox>
			<xmin>326</xmin>
			<ymin>85</ymin>
			<xmax>401</xmax>
			<ymax>156</ymax>
		</bndbox>
	</object>
	<object>
		<name>candle</name>
		<pose>Unspecified</pose>
		<truncated>0</truncated>
		<difficult>0</difficult>
		<bndbox>
			<xmin>321</xmin>
			<ymin>143</ymin>
			<xmax>403</xmax>
			<ymax>264</ymax>
		</bndbox>
	</object>
</annotation>
