<annotation>
	<folder>three</folder>
	<filename>271.jpg</filename>
	<path>C:\实验室\ooo\three\three\271.jpg</path>
	<source>
		<database>Unknown</database>
	</source>
	<size>
		<width>640</width>
		<height>480</height>
		<depth>3</depth>
	</size>
	<segmented>0</segmented>
	<object>
		<name>fire</name>
		<pose>Unspecified</pose>
		<truncated>0</truncated>
		<difficult>0</difficult>
		<bndbox>
			<xmin>324</xmin>
			<ymin>155</ymin>
			<xmax>376</xmax>
			<ymax>208</ymax>
		</bndbox>
	</object>
	<object>
		<name>candle</name>
		<pose>Unspecified</pose>
		<truncated>0</truncated>
		<difficult>0</difficult>
		<bndbox>
			<xmin>293</xmin>
			<ymin>192</ymin>
			<xmax>382</xmax>
			<ymax>308</ymax>
		</bndbox>
	</object>
</annotation>
