<annotation>
	<folder>three</folder>
	<filename>272.jpg</filename>
	<path>C:\实验室\ooo\three\three\272.jpg</path>
	<source>
		<database>Unknown</database>
	</source>
	<size>
		<width>640</width>
		<height>480</height>
		<depth>3</depth>
	</size>
	<segmented>0</segmented>
	<object>
		<name>fire</name>
		<pose>Unspecified</pose>
		<truncated>0</truncated>
		<difficult>0</difficult>
		<bndbox>
			<xmin>324</xmin>
			<ymin>170</ymin>
			<xmax>373</xmax>
			<ymax>228</ymax>
		</bndbox>
	</object>
	<object>
		<name>candle</name>
		<pose>Unspecified</pose>
		<truncated>0</truncated>
		<difficult>0</difficult>
		<bndbox>
			<xmin>300</xmin>
			<ymin>216</ymin>
			<xmax>383</xmax>
			<ymax>311</ymax>
		</bndbox>
	</object>
</annotation>
