<annotation>
	<folder>three</folder>
	<filename>273.jpg</filename>
	<path>C:\实验室\ooo\three\three\273.jpg</path>
	<source>
		<database>Unknown</database>
	</source>
	<size>
		<width>640</width>
		<height>480</height>
		<depth>3</depth>
	</size>
	<segmented>0</segmented>
	<object>
		<name>fire</name>
		<pose>Unspecified</pose>
		<truncated>0</truncated>
		<difficult>0</difficult>
		<bndbox>
			<xmin>293</xmin>
			<ymin>182</ymin>
			<xmax>343</xmax>
			<ymax>225</ymax>
		</bndbox>
	</object>
	<object>
		<name>candle</name>
		<pose>Unspecified</pose>
		<truncated>0</truncated>
		<difficult>0</difficult>
		<bndbox>
			<xmin>268</xmin>
			<ymin>210</ymin>
			<xmax>336</xmax>
			<ymax>306</ymax>
		</bndbox>
	</object>
</annotation>
