<annotation>
	<folder>three</folder>
	<filename>274.jpg</filename>
	<path>C:\实验室\ooo\three\three\274.jpg</path>
	<source>
		<database>Unknown</database>
	</source>
	<size>
		<width>640</width>
		<height>480</height>
		<depth>3</depth>
	</size>
	<segmented>0</segmented>
	<object>
		<name>fire</name>
		<pose>Unspecified</pose>
		<truncated>0</truncated>
		<difficult>0</difficult>
		<bndbox>
			<xmin>394</xmin>
			<ymin>180</ymin>
			<xmax>448</xmax>
			<ymax>224</ymax>
		</bndbox>
	</object>
	<object>
		<name>candle</name>
		<pose>Unspecified</pose>
		<truncated>0</truncated>
		<difficult>0</difficult>
		<bndbox>
			<xmin>370</xmin>
			<ymin>215</ymin>
			<xmax>438</xmax>
			<ymax>314</ymax>
		</bndbox>
	</object>
</annotation>
