<annotation>
	<folder>three</folder>
	<filename>275.jpg</filename>
	<path>C:\实验室\ooo\three\three\275.jpg</path>
	<source>
		<database>Unknown</database>
	</source>
	<size>
		<width>640</width>
		<height>480</height>
		<depth>3</depth>
	</size>
	<segmented>0</segmented>
	<object>
		<name>fire</name>
		<pose>Unspecified</pose>
		<truncated>0</truncated>
		<difficult>0</difficult>
		<bndbox>
			<xmin>464</xmin>
			<ymin>157</ymin>
			<xmax>520</xmax>
			<ymax>210</ymax>
		</bndbox>
	</object>
	<object>
		<name>candle</name>
		<pose>Unspecified</pose>
		<truncated>0</truncated>
		<difficult>0</difficult>
		<bndbox>
			<xmin>437</xmin>
			<ymin>198</ymin>
			<xmax>512</xmax>
			<ymax>315</ymax>
		</bndbox>
	</object>
</annotation>
