<annotation>
	<folder>three</folder>
	<filename>276.jpg</filename>
	<path>C:\实验室\ooo\three\three\276.jpg</path>
	<source>
		<database>Unknown</database>
	</source>
	<size>
		<width>640</width>
		<height>480</height>
		<depth>3</depth>
	</size>
	<segmented>0</segmented>
	<object>
		<name>fire</name>
		<pose>Unspecified</pose>
		<truncated>0</truncated>
		<difficult>0</difficult>
		<bndbox>
			<xmin>505</xmin>
			<ymin>150</ymin>
			<xmax>561</xmax>
			<ymax>207</ymax>
		</bndbox>
	</object>
	<object>
		<name>candle</name>
		<pose>Unspecified</pose>
		<truncated>0</truncated>
		<difficult>0</difficult>
		<bndbox>
			<xmin>479</xmin>
			<ymin>179</ymin>
			<xmax>555</xmax>
			<ymax>309</ymax>
		</bndbox>
	</object>
</annotation>
