<annotation>
	<folder>three</folder>
	<filename>277.jpg</filename>
	<path>C:\实验室\ooo\three\three\277.jpg</path>
	<source>
		<database>Unknown</database>
	</source>
	<size>
		<width>640</width>
		<height>480</height>
		<depth>3</depth>
	</size>
	<segmented>0</segmented>
	<object>
		<name>fire</name>
		<pose>Unspecified</pose>
		<truncated>0</truncated>
		<difficult>0</difficult>
		<bndbox>
			<xmin>505</xmin>
			<ymin>127</ymin>
			<xmax>565</xmax>
			<ymax>181</ymax>
		</bndbox>
	</object>
	<object>
		<name>candle</name>
		<pose>Unspecified</pose>
		<truncated>0</truncated>
		<difficult>0</difficult>
		<bndbox>
			<xmin>477</xmin>
			<ymin>164</ymin>
			<xmax>560</xmax>
			<ymax>294</ymax>
		</bndbox>
	</object>
</annotation>
