<annotation>
	<folder>three</folder>
	<filename>279.jpg</filename>
	<path>C:\实验室\ooo\three\three\279.jpg</path>
	<source>
		<database>Unknown</database>
	</source>
	<size>
		<width>640</width>
		<height>480</height>
		<depth>3</depth>
	</size>
	<segmented>0</segmented>
	<object>
		<name>fire</name>
		<pose>Unspecified</pose>
		<truncated>0</truncated>
		<difficult>0</difficult>
		<bndbox>
			<xmin>438</xmin>
			<ymin>112</ymin>
			<xmax>477</xmax>
			<ymax>165</ymax>
		</bndbox>
	</object>
	<object>
		<name>candle</name>
		<pose>Unspecified</pose>
		<truncated>0</truncated>
		<difficult>0</difficult>
		<bndbox>
			<xmin>423</xmin>
			<ymin>147</ymin>
			<xmax>483</xmax>
			<ymax>271</ymax>
		</bndbox>
	</object>
</annotation>
