<annotation>
	<folder>three</folder>
	<filename>280.jpg</filename>
	<path>C:\实验室\ooo\three\three\280.jpg</path>
	<source>
		<database>Unknown</database>
	</source>
	<size>
		<width>640</width>
		<height>480</height>
		<depth>3</depth>
	</size>
	<segmented>0</segmented>
	<object>
		<name>fire</name>
		<pose>Unspecified</pose>
		<truncated>0</truncated>
		<difficult>0</difficult>
		<bndbox>
			<xmin>445</xmin>
			<ymin>125</ymin>
			<xmax>487</xmax>
			<ymax>176</ymax>
		</bndbox>
	</object>
	<object>
		<name>candle</name>
		<pose>Unspecified</pose>
		<truncated>0</truncated>
		<difficult>0</difficult>
		<bndbox>
			<xmin>420</xmin>
			<ymin>164</ymin>
			<xmax>493</xmax>
			<ymax>278</ymax>
		</bndbox>
	</object>
</annotation>
