<annotation>
	<folder>three</folder>
	<filename>281.jpg</filename>
	<path>C:\实验室\ooo\three\three\281.jpg</path>
	<source>
		<database>Unknown</database>
	</source>
	<size>
		<width>640</width>
		<height>480</height>
		<depth>3</depth>
	</size>
	<segmented>0</segmented>
	<object>
		<name>fire</name>
		<pose>Unspecified</pose>
		<truncated>0</truncated>
		<difficult>0</difficult>
		<bndbox>
			<xmin>418</xmin>
			<ymin>127</ymin>
			<xmax>470</xmax>
			<ymax>188</ymax>
		</bndbox>
	</object>
	<object>
		<name>candle</name>
		<pose>Unspecified</pose>
		<truncated>0</truncated>
		<difficult>0</difficult>
		<bndbox>
			<xmin>407</xmin>
			<ymin>170</ymin>
			<xmax>455</xmax>
			<ymax>290</ymax>
		</bndbox>
	</object>
</annotation>
