<annotation>
	<folder>three</folder>
	<filename>282.jpg</filename>
	<path>C:\实验室\ooo\three\three\282.jpg</path>
	<source>
		<database>Unknown</database>
	</source>
	<size>
		<width>640</width>
		<height>480</height>
		<depth>3</depth>
	</size>
	<segmented>0</segmented>
	<object>
		<name>fire</name>
		<pose>Unspecified</pose>
		<truncated>0</truncated>
		<difficult>0</difficult>
		<bndbox>
			<xmin>409</xmin>
			<ymin>143</ymin>
			<xmax>453</xmax>
			<ymax>195</ymax>
		</bndbox>
	</object>
	<object>
		<name>candle</name>
		<pose>Unspecified</pose>
		<truncated>0</truncated>
		<difficult>0</difficult>
		<bndbox>
			<xmin>390</xmin>
			<ymin>179</ymin>
			<xmax>454</xmax>
			<ymax>287</ymax>
		</bndbox>
	</object>
</annotation>
