<annotation>
	<folder>three</folder>
	<filename>283.jpg</filename>
	<path>C:\实验室\ooo\three\three\283.jpg</path>
	<source>
		<database>Unknown</database>
	</source>
	<size>
		<width>640</width>
		<height>480</height>
		<depth>3</depth>
	</size>
	<segmented>0</segmented>
	<object>
		<name>fire</name>
		<pose>Unspecified</pose>
		<truncated>0</truncated>
		<difficult>0</difficult>
		<bndbox>
			<xmin>368</xmin>
			<ymin>147</ymin>
			<xmax>421</xmax>
			<ymax>193</ymax>
		</bndbox>
	</object>
	<object>
		<name>candle</name>
		<pose>Unspecified</pose>
		<truncated>0</truncated>
		<difficult>0</difficult>
		<bndbox>
			<xmin>348</xmin>
			<ymin>175</ymin>
			<xmax>419</xmax>
			<ymax>295</ymax>
		</bndbox>
	</object>
</annotation>
