<annotation>
	<folder>three</folder>
	<filename>284.jpg</filename>
	<path>C:\实验室\ooo\three\three\284.jpg</path>
	<source>
		<database>Unknown</database>
	</source>
	<size>
		<width>640</width>
		<height>480</height>
		<depth>3</depth>
	</size>
	<segmented>0</segmented>
	<object>
		<name>fire</name>
		<pose>Unspecified</pose>
		<truncated>0</truncated>
		<difficult>0</difficult>
		<bndbox>
			<xmin>346</xmin>
			<ymin>148</ymin>
			<xmax>390</xmax>
			<ymax>190</ymax>
		</bndbox>
	</object>
	<object>
		<name>candle</name>
		<pose>Unspecified</pose>
		<truncated>0</truncated>
		<difficult>0</difficult>
		<bndbox>
			<xmin>318</xmin>
			<ymin>175</ymin>
			<xmax>369</xmax>
			<ymax>301</ymax>
		</bndbox>
	</object>
</annotation>
