<annotation>
	<folder>three</folder>
	<filename>285.jpg</filename>
	<path>C:\实验室\ooo\three\three\285.jpg</path>
	<source>
		<database>Unknown</database>
	</source>
	<size>
		<width>640</width>
		<height>480</height>
		<depth>3</depth>
	</size>
	<segmented>0</segmented>
	<object>
		<name>fire</name>
		<pose>Unspecified</pose>
		<truncated>0</truncated>
		<difficult>0</difficult>
		<bndbox>
			<xmin>353</xmin>
			<ymin>138</ymin>
			<xmax>401</xmax>
			<ymax>187</ymax>
		</bndbox>
	</object>
	<object>
		<name>candle</name>
		<pose>Unspecified</pose>
		<truncated>0</truncated>
		<difficult>0</difficult>
		<bndbox>
			<xmin>318</xmin>
			<ymin>167</ymin>
			<xmax>393</xmax>
			<ymax>287</ymax>
		</bndbox>
	</object>
</annotation>
