<annotation>
	<folder>three</folder>
	<filename>286.jpg</filename>
	<path>C:\实验室\ooo\three\three\286.jpg</path>
	<source>
		<database>Unknown</database>
	</source>
	<size>
		<width>640</width>
		<height>480</height>
		<depth>3</depth>
	</size>
	<segmented>0</segmented>
	<object>
		<name>fire</name>
		<pose>Unspecified</pose>
		<truncated>0</truncated>
		<difficult>0</difficult>
		<bndbox>
			<xmin>409</xmin>
			<ymin>131</ymin>
			<xmax>466</xmax>
			<ymax>174</ymax>
		</bndbox>
	</object>
	<object>
		<name>candle</name>
		<pose>Unspecified</pose>
		<truncated>0</truncated>
		<difficult>0</difficult>
		<bndbox>
			<xmin>369</xmin>
			<ymin>167</ymin>
			<xmax>461</xmax>
			<ymax>278</ymax>
		</bndbox>
	</object>
</annotation>
