<annotation>
	<folder>three</folder>
	<filename>287.jpg</filename>
	<path>C:\实验室\ooo\three\three\287.jpg</path>
	<source>
		<database>Unknown</database>
	</source>
	<size>
		<width>640</width>
		<height>480</height>
		<depth>3</depth>
	</size>
	<segmented>0</segmented>
	<object>
		<name>fire</name>
		<pose>Unspecified</pose>
		<truncated>0</truncated>
		<difficult>0</difficult>
		<bndbox>
			<xmin>330</xmin>
			<ymin>121</ymin>
			<xmax>391</xmax>
			<ymax>187</ymax>
		</bndbox>
	</object>
	<object>
		<name>candle</name>
		<pose>Unspecified</pose>
		<truncated>0</truncated>
		<difficult>0</difficult>
		<bndbox>
			<xmin>309</xmin>
			<ymin>163</ymin>
			<xmax>375</xmax>
			<ymax>278</ymax>
		</bndbox>
	</object>
</annotation>
