<annotation>
	<folder>three</folder>
	<filename>288.jpg</filename>
	<path>C:\实验室\ooo\three\three\288.jpg</path>
	<source>
		<database>Unknown</database>
	</source>
	<size>
		<width>640</width>
		<height>480</height>
		<depth>3</depth>
	</size>
	<segmented>0</segmented>
	<object>
		<name>fire</name>
		<pose>Unspecified</pose>
		<truncated>0</truncated>
		<difficult>0</difficult>
		<bndbox>
			<xmin>393</xmin>
			<ymin>98</ymin>
			<xmax>452</xmax>
			<ymax>158</ymax>
		</bndbox>
	</object>
	<object>
		<name>candle</name>
		<pose>Unspecified</pose>
		<truncated>0</truncated>
		<difficult>0</difficult>
		<bndbox>
			<xmin>375</xmin>
			<ymin>144</ymin>
			<xmax>450</xmax>
			<ymax>255</ymax>
		</bndbox>
	</object>
</annotation>
