<annotation>
	<folder>three</folder>
	<filename>289.jpg</filename>
	<path>C:\实验室\ooo\three\three\289.jpg</path>
	<source>
		<database>Unknown</database>
	</source>
	<size>
		<width>640</width>
		<height>480</height>
		<depth>3</depth>
	</size>
	<segmented>0</segmented>
	<object>
		<name>fire</name>
		<pose>Unspecified</pose>
		<truncated>0</truncated>
		<difficult>0</difficult>
		<bndbox>
			<xmin>493</xmin>
			<ymin>132</ymin>
			<xmax>566</xmax>
			<ymax>189</ymax>
		</bndbox>
	</object>
	<object>
		<name>candle</name>
		<pose>Unspecified</pose>
		<truncated>0</truncated>
		<difficult>0</difficult>
		<bndbox>
			<xmin>464</xmin>
			<ymin>185</ymin>
			<xmax>555</xmax>
			<ymax>308</ymax>
		</bndbox>
	</object>
</annotation>
