<annotation>
	<folder>three</folder>
	<filename>290.jpg</filename>
	<path>C:\实验室\ooo\three\three\290.jpg</path>
	<source>
		<database>Unknown</database>
	</source>
	<size>
		<width>640</width>
		<height>480</height>
		<depth>3</depth>
	</size>
	<segmented>0</segmented>
	<object>
		<name>fire</name>
		<pose>Unspecified</pose>
		<truncated>0</truncated>
		<difficult>0</difficult>
		<bndbox>
			<xmin>473</xmin>
			<ymin>122</ymin>
			<xmax>536</xmax>
			<ymax>190</ymax>
		</bndbox>
	</object>
	<object>
		<name>candle</name>
		<pose>Unspecified</pose>
		<truncated>0</truncated>
		<difficult>0</difficult>
		<bndbox>
			<xmin>448</xmin>
			<ymin>173</ymin>
			<xmax>544</xmax>
			<ymax>307</ymax>
		</bndbox>
	</object>
</annotation>
