<annotation>
	<folder>three</folder>
	<filename>291.jpg</filename>
	<path>C:\实验室\ooo\three\three\291.jpg</path>
	<source>
		<database>Unknown</database>
	</source>
	<size>
		<width>640</width>
		<height>480</height>
		<depth>3</depth>
	</size>
	<segmented>0</segmented>
	<object>
		<name>fire</name>
		<pose>Unspecified</pose>
		<truncated>0</truncated>
		<difficult>0</difficult>
		<bndbox>
			<xmin>448</xmin>
			<ymin>137</ymin>
			<xmax>519</xmax>
			<ymax>189</ymax>
		</bndbox>
	</object>
	<object>
		<name>candle</name>
		<pose>Unspecified</pose>
		<truncated>0</truncated>
		<difficult>0</difficult>
		<bndbox>
			<xmin>436</xmin>
			<ymin>178</ymin>
			<xmax>506</xmax>
			<ymax>317</ymax>
		</bndbox>
	</object>
</annotation>
