<annotation>
	<folder>three</folder>
	<filename>292.jpg</filename>
	<path>C:\实验室\ooo\three\three\292.jpg</path>
	<source>
		<database>Unknown</database>
	</source>
	<size>
		<width>640</width>
		<height>480</height>
		<depth>3</depth>
	</size>
	<segmented>0</segmented>
	<object>
		<name>fire</name>
		<pose>Unspecified</pose>
		<truncated>0</truncated>
		<difficult>0</difficult>
		<bndbox>
			<xmin>466</xmin>
			<ymin>125</ymin>
			<xmax>528</xmax>
			<ymax>182</ymax>
		</bndbox>
	</object>
	<object>
		<name>candle</name>
		<pose>Unspecified</pose>
		<truncated>0</truncated>
		<difficult>0</difficult>
		<bndbox>
			<xmin>454</xmin>
			<ymin>156</ymin>
			<xmax>522</xmax>
			<ymax>298</ymax>
		</bndbox>
	</object>
</annotation>
