<annotation>
	<folder>three</folder>
	<filename>293.jpg</filename>
	<path>C:\实验室\ooo\three\three\293.jpg</path>
	<source>
		<database>Unknown</database>
	</source>
	<size>
		<width>640</width>
		<height>480</height>
		<depth>3</depth>
	</size>
	<segmented>0</segmented>
	<object>
		<name>fire</name>
		<pose>Unspecified</pose>
		<truncated>0</truncated>
		<difficult>0</difficult>
		<bndbox>
			<xmin>462</xmin>
			<ymin>126</ymin>
			<xmax>529</xmax>
			<ymax>191</ymax>
		</bndbox>
	</object>
	<object>
		<name>candle</name>
		<pose>Unspecified</pose>
		<truncated>0</truncated>
		<difficult>0</difficult>
		<bndbox>
			<xmin>447</xmin>
			<ymin>152</ymin>
			<xmax>518</xmax>
			<ymax>294</ymax>
		</bndbox>
	</object>
</annotation>
