<annotation>
	<folder>three</folder>
	<filename>294.jpg</filename>
	<path>C:\实验室\ooo\three\three\294.jpg</path>
	<source>
		<database>Unknown</database>
	</source>
	<size>
		<width>640</width>
		<height>480</height>
		<depth>3</depth>
	</size>
	<segmented>0</segmented>
	<object>
		<name>fire</name>
		<pose>Unspecified</pose>
		<truncated>0</truncated>
		<difficult>0</difficult>
		<bndbox>
			<xmin>455</xmin>
			<ymin>111</ymin>
			<xmax>532</xmax>
			<ymax>163</ymax>
		</bndbox>
	</object>
	<object>
		<name>candle</name>
		<pose>Unspecified</pose>
		<truncated>0</truncated>
		<difficult>0</difficult>
		<bndbox>
			<xmin>430</xmin>
			<ymin>145</ymin>
			<xmax>514</xmax>
			<ymax>277</ymax>
		</bndbox>
	</object>
</annotation>
