<annotation>
	<folder>three</folder>
	<filename>295.jpg</filename>
	<path>C:\实验室\ooo\three\three\295.jpg</path>
	<source>
		<database>Unknown</database>
	</source>
	<size>
		<width>640</width>
		<height>480</height>
		<depth>3</depth>
	</size>
	<segmented>0</segmented>
	<object>
		<name>fire</name>
		<pose>Unspecified</pose>
		<truncated>0</truncated>
		<difficult>0</difficult>
		<bndbox>
			<xmin>427</xmin>
			<ymin>93</ymin>
			<xmax>492</xmax>
			<ymax>156</ymax>
		</bndbox>
	</object>
	<object>
		<name>candle</name>
		<pose>Unspecified</pose>
		<truncated>0</truncated>
		<difficult>0</difficult>
		<bndbox>
			<xmin>401</xmin>
			<ymin>135</ymin>
			<xmax>487</xmax>
			<ymax>270</ymax>
		</bndbox>
	</object>
</annotation>
