<annotation>
	<folder>three</folder>
	<filename>296.jpg</filename>
	<path>C:\实验室\ooo\three\three\296.jpg</path>
	<source>
		<database>Unknown</database>
	</source>
	<size>
		<width>640</width>
		<height>480</height>
		<depth>3</depth>
	</size>
	<segmented>0</segmented>
	<object>
		<name>fire</name>
		<pose>Unspecified</pose>
		<truncated>0</truncated>
		<difficult>0</difficult>
		<bndbox>
			<xmin>434</xmin>
			<ymin>85</ymin>
			<xmax>489</xmax>
			<ymax>151</ymax>
		</bndbox>
	</object>
	<object>
		<name>candle</name>
		<pose>Unspecified</pose>
		<truncated>0</truncated>
		<difficult>0</difficult>
		<bndbox>
			<xmin>412</xmin>
			<ymin>123</ymin>
			<xmax>485</xmax>
			<ymax>268</ymax>
		</bndbox>
	</object>
</annotation>
