<annotation>
	<folder>three</folder>
	<filename>297.jpg</filename>
	<path>C:\实验室\ooo\three\three\297.jpg</path>
	<source>
		<database>Unknown</database>
	</source>
	<size>
		<width>640</width>
		<height>480</height>
		<depth>3</depth>
	</size>
	<segmented>0</segmented>
	<object>
		<name>fire</name>
		<pose>Unspecified</pose>
		<truncated>0</truncated>
		<difficult>0</difficult>
		<bndbox>
			<xmin>408</xmin>
			<ymin>93</ymin>
			<xmax>479</xmax>
			<ymax>164</ymax>
		</bndbox>
	</object>
	<object>
		<name>candle</name>
		<pose>Unspecified</pose>
		<truncated>0</truncated>
		<difficult>0</difficult>
		<bndbox>
			<xmin>371</xmin>
			<ymin>125</ymin>
			<xmax>454</xmax>
			<ymax>276</ymax>
		</bndbox>
	</object>
</annotation>
