<annotation>
	<folder>three</folder>
	<filename>298.jpg</filename>
	<path>C:\实验室\ooo\three\three\298.jpg</path>
	<source>
		<database>Unknown</database>
	</source>
	<size>
		<width>640</width>
		<height>480</height>
		<depth>3</depth>
	</size>
	<segmented>0</segmented>
	<object>
		<name>fire</name>
		<pose>Unspecified</pose>
		<truncated>0</truncated>
		<difficult>0</difficult>
		<bndbox>
			<xmin>307</xmin>
			<ymin>113</ymin>
			<xmax>365</xmax>
			<ymax>179</ymax>
		</bndbox>
	</object>
	<object>
		<name>candle</name>
		<pose>Unspecified</pose>
		<truncated>0</truncated>
		<difficult>0</difficult>
		<bndbox>
			<xmin>267</xmin>
			<ymin>152</ymin>
			<xmax>365</xmax>
			<ymax>289</ymax>
		</bndbox>
	</object>
</annotation>
