<annotation>
	<folder>three</folder>
	<filename>299.jpg</filename>
	<path>C:\实验室\ooo\three\three\299.jpg</path>
	<source>
		<database>Unknown</database>
	</source>
	<size>
		<width>640</width>
		<height>480</height>
		<depth>3</depth>
	</size>
	<segmented>0</segmented>
	<object>
		<name>fire</name>
		<pose>Unspecified</pose>
		<truncated>0</truncated>
		<difficult>0</difficult>
		<bndbox>
			<xmin>272</xmin>
			<ymin>117</ymin>
			<xmax>330</xmax>
			<ymax>176</ymax>
		</bndbox>
	</object>
	<object>
		<name>candle</name>
		<pose>Unspecified</pose>
		<truncated>0</truncated>
		<difficult>0</difficult>
		<bndbox>
			<xmin>235</xmin>
			<ymin>150</ymin>
			<xmax>328</xmax>
			<ymax>305</ymax>
		</bndbox>
	</object>
</annotation>
