<annotation>
	<folder>three</folder>
	<filename>300.jpg</filename>
	<path>C:\实验室\ooo\three\three\300.jpg</path>
	<source>
		<database>Unknown</database>
	</source>
	<size>
		<width>640</width>
		<height>480</height>
		<depth>3</depth>
	</size>
	<segmented>0</segmented>
	<object>
		<name>fire</name>
		<pose>Unspecified</pose>
		<truncated>0</truncated>
		<difficult>0</difficult>
		<bndbox>
			<xmin>267</xmin>
			<ymin>97</ymin>
			<xmax>327</xmax>
			<ymax>162</ymax>
		</bndbox>
	</object>
	<object>
		<name>candle</name>
		<pose>Unspecified</pose>
		<truncated>0</truncated>
		<difficult>0</difficult>
		<bndbox>
			<xmin>238</xmin>
			<ymin>127</ymin>
			<xmax>330</xmax>
			<ymax>286</ymax>
		</bndbox>
	</object>
</annotation>
