<annotation>
	<folder>one</folder>
	<filename>000.jpg</filename>
	<path>C:\Users\lenovo\Desktop\one\000.jpg</path>
	<source>
		<database>Unknown</database>
	</source>
	<size>
		<width>640</width>
		<height>480</height>
		<depth>3</depth>
	</size>
	<segmented>0</segmented>
	<object>
		<name>fire</name>
		<pose>Unspecified</pose>
		<truncated>0</truncated>
		<difficult>0</difficult>
		<bndbox>
			<xmin>387</xmin>
			<ymin>144</ymin>
			<xmax>487</xmax>
			<ymax>169</ymax>
		</bndbox>
	</object>
	<object>
		<name>candle</name>
		<pose>Unspecified</pose>
		<truncated>0</truncated>
		<difficult>0</difficult>
		<bndbox>
			<xmin>387</xmin>
			<ymin>169</ymin>
			<xmax>480</xmax>
			<ymax>281</ymax>
		</bndbox>
	</object>
</annotation>
