<annotation>
	<folder>one</folder>
	<filename>001.jpg</filename>
	<path>C:\Users\lenovo\Desktop\one\001.jpg</path>
	<source>
		<database>Unknown</database>
	</source>
	<size>
		<width>640</width>
		<height>480</height>
		<depth>3</depth>
	</size>
	<segmented>0</segmented>
	<object>
		<name>fire</name>
		<pose>Unspecified</pose>
		<truncated>0</truncated>
		<difficult>0</difficult>
		<bndbox>
			<xmin>254</xmin>
			<ymin>146</ymin>
			<xmax>304</xmax>
			<ymax>181</ymax>
		</bndbox>
	</object>
	<object>
		<name>candle</name>
		<pose>Unspecified</pose>
		<truncated>0</truncated>
		<difficult>0</difficult>
		<bndbox>
			<xmin>252</xmin>
			<ymin>184</ymin>
			<xmax>333</xmax>
			<ymax>320</ymax>
		</bndbox>
	</object>
</annotation>
