<annotation>
	<folder>one</folder>
	<filename>002.jpg</filename>
	<path>C:\Users\lenovo\Desktop\one\002.jpg</path>
	<source>
		<database>Unknown</database>
	</source>
	<size>
		<width>640</width>
		<height>480</height>
		<depth>3</depth>
	</size>
	<segmented>0</segmented>
	<object>
		<name>fire</name>
		<pose>Unspecified</pose>
		<truncated>0</truncated>
		<difficult>0</difficult>
		<bndbox>
			<xmin>315</xmin>
			<ymin>154</ymin>
			<xmax>372</xmax>
			<ymax>215</ymax>
		</bndbox>
	</object>
	<object>
		<name>candle</name>
		<pose>Unspecified</pose>
		<truncated>0</truncated>
		<difficult>0</difficult>
		<bndbox>
			<xmin>309</xmin>
			<ymin>210</ymin>
			<xmax>390</xmax>
			<ymax>334</ymax>
		</bndbox>
	</object>
</annotation>
