<annotation>
	<folder>one</folder>
	<filename>003.jpg</filename>
	<path>C:\Users\lenovo\Desktop\one\003.jpg</path>
	<source>
		<database>Unknown</database>
	</source>
	<size>
		<width>640</width>
		<height>480</height>
		<depth>3</depth>
	</size>
	<segmented>0</segmented>
	<object>
		<name>fire</name>
		<pose>Unspecified</pose>
		<truncated>0</truncated>
		<difficult>0</difficult>
		<bndbox>
			<xmin>339</xmin>
			<ymin>156</ymin>
			<xmax>395</xmax>
			<ymax>211</ymax>
		</bndbox>
	</object>
	<object>
		<name>candle</name>
		<pose>Unspecified</pose>
		<truncated>0</truncated>
		<difficult>0</difficult>
		<bndbox>
			<xmin>324</xmin>
			<ymin>209</ymin>
			<xmax>407</xmax>
			<ymax>325</ymax>
		</bndbox>
	</object>
</annotation>
