<annotation>
	<folder>one</folder>
	<filename>004.jpg</filename>
	<path>C:\Users\lenovo\Desktop\one\004.jpg</path>
	<source>
		<database>Unknown</database>
	</source>
	<size>
		<width>640</width>
		<height>480</height>
		<depth>3</depth>
	</size>
	<segmented>0</segmented>
	<object>
		<name>fire</name>
		<pose>Unspecified</pose>
		<truncated>0</truncated>
		<difficult>0</difficult>
		<bndbox>
			<xmin>350</xmin>
			<ymin>132</ymin>
			<xmax>406</xmax>
			<ymax>193</ymax>
		</bndbox>
	</object>
	<object>
		<name>candle</name>
		<pose>Unspecified</pose>
		<truncated>0</truncated>
		<difficult>0</difficult>
		<bndbox>
			<xmin>312</xmin>
			<ymin>196</ymin>
			<xmax>422</xmax>
			<ymax>305</ymax>
		</bndbox>
	</object>
</annotation>
