<annotation>
	<folder>one</folder>
	<filename>005.jpg</filename>
	<path>C:\Users\lenovo\Desktop\one\005.jpg</path>
	<source>
		<database>Unknown</database>
	</source>
	<size>
		<width>640</width>
		<height>480</height>
		<depth>3</depth>
	</size>
	<segmented>0</segmented>
	<object>
		<name>candle</name>
		<pose>Unspecified</pose>
		<truncated>0</truncated>
		<difficult>0</difficult>
		<bndbox>
			<xmin>288</xmin>
			<ymin>152</ymin>
			<xmax>365</xmax>
			<ymax>208</ymax>
		</bndbox>
	</object>
	<object>
		<name>candle</name>
		<pose>Unspecified</pose>
		<truncated>0</truncated>
		<difficult>0</difficult>
		<bndbox>
			<xmin>298</xmin>
			<ymin>210</ymin>
			<xmax>371</xmax>
			<ymax>328</ymax>
		</bndbox>
	</object>
</annotation>
