<annotation>
	<folder>one</folder>
	<filename>006.jpg</filename>
	<path>C:\Users\lenovo\Desktop\one\006.jpg</path>
	<source>
		<database>Unknown</database>
	</source>
	<size>
		<width>640</width>
		<height>480</height>
		<depth>3</depth>
	</size>
	<segmented>0</segmented>
	<object>
		<name>fire</name>
		<pose>Unspecified</pose>
		<truncated>0</truncated>
		<difficult>0</difficult>
		<bndbox>
			<xmin>337</xmin>
			<ymin>164</ymin>
			<xmax>408</xmax>
			<ymax>217</ymax>
		</bndbox>
	</object>
	<object>
		<name>candle</name>
		<pose>Unspecified</pose>
		<truncated>0</truncated>
		<difficult>0</difficult>
		<bndbox>
			<xmin>350</xmin>
			<ymin>220</ymin>
			<xmax>441</xmax>
			<ymax>326</ymax>
		</bndbox>
	</object>
</annotation>
