<annotation>
	<folder>one</folder>
	<filename>007.jpg</filename>
	<path>C:\Users\lenovo\Desktop\one\007.jpg</path>
	<source>
		<database>Unknown</database>
	</source>
	<size>
		<width>640</width>
		<height>480</height>
		<depth>3</depth>
	</size>
	<segmented>0</segmented>
	<object>
		<name>fire</name>
		<pose>Unspecified</pose>
		<truncated>0</truncated>
		<difficult>0</difficult>
		<bndbox>
			<xmin>390</xmin>
			<ymin>156</ymin>
			<xmax>473</xmax>
			<ymax>218</ymax>
		</bndbox>
	</object>
	<object>
		<name>candle</name>
		<pose>Unspecified</pose>
		<truncated>0</truncated>
		<difficult>0</difficult>
		<bndbox>
			<xmin>410</xmin>
			<ymin>216</ymin>
			<xmax>559</xmax>
			<ymax>324</ymax>
		</bndbox>
	</object>
</annotation>
