<annotation>
	<folder>one</folder>
	<filename>008.jpg</filename>
	<path>C:\Users\lenovo\Desktop\one\008.jpg</path>
	<source>
		<database>Unknown</database>
	</source>
	<size>
		<width>640</width>
		<height>480</height>
		<depth>3</depth>
	</size>
	<segmented>0</segmented>
	<object>
		<name>fire</name>
		<pose>Unspecified</pose>
		<truncated>0</truncated>
		<difficult>0</difficult>
		<bndbox>
			<xmin>427</xmin>
			<ymin>177</ymin>
			<xmax>495</xmax>
			<ymax>232</ymax>
		</bndbox>
	</object>
	<object>
		<name>candle</name>
		<pose>Unspecified</pose>
		<truncated>0</truncated>
		<difficult>0</difficult>
		<bndbox>
			<xmin>431</xmin>
			<ymin>240</ymin>
			<xmax>510</xmax>
			<ymax>343</ymax>
		</bndbox>
	</object>
</annotation>
