<annotation>
	<folder>one</folder>
	<filename>009.jpg</filename>
	<path>C:\Users\lenovo\Desktop\one\009.jpg</path>
	<source>
		<database>Unknown</database>
	</source>
	<size>
		<width>640</width>
		<height>480</height>
		<depth>3</depth>
	</size>
	<segmented>0</segmented>
	<object>
		<name>fire</name>
		<pose>Unspecified</pose>
		<truncated>0</truncated>
		<difficult>0</difficult>
		<bndbox>
			<xmin>409</xmin>
			<ymin>206</ymin>
			<xmax>467</xmax>
			<ymax>268</ymax>
		</bndbox>
	</object>
	<object>
		<name>candle</name>
		<pose>Unspecified</pose>
		<truncated>0</truncated>
		<difficult>0</difficult>
		<bndbox>
			<xmin>406</xmin>
			<ymin>269</ymin>
			<xmax>466</xmax>
			<ymax>343</ymax>
		</bndbox>
	</object>
</annotation>
