<annotation>
	<folder>one</folder>
	<filename>010.jpg</filename>
	<path>C:\Users\lenovo\Desktop\one\010.jpg</path>
	<source>
		<database>Unknown</database>
	</source>
	<size>
		<width>640</width>
		<height>480</height>
		<depth>3</depth>
	</size>
	<segmented>0</segmented>
	<object>
		<name>fire</name>
		<pose>Unspecified</pose>
		<truncated>0</truncated>
		<difficult>0</difficult>
		<bndbox>
			<xmin>386</xmin>
			<ymin>224</ymin>
			<xmax>450</xmax>
			<ymax>286</ymax>
		</bndbox>
	</object>
	<object>
		<name>candle</name>
		<pose>Unspecified</pose>
		<truncated>0</truncated>
		<difficult>0</difficult>
		<bndbox>
			<xmin>353</xmin>
			<ymin>284</ymin>
			<xmax>466</xmax>
			<ymax>378</ymax>
		</bndbox>
	</object>
</annotation>
