<annotation>
	<folder>one</folder>
	<filename>011.jpg</filename>
	<path>C:\Users\lenovo\Desktop\one\011.jpg</path>
	<source>
		<database>Unknown</database>
	</source>
	<size>
		<width>640</width>
		<height>480</height>
		<depth>3</depth>
	</size>
	<segmented>0</segmented>
	<object>
		<name>fire</name>
		<pose>Unspecified</pose>
		<truncated>0</truncated>
		<difficult>0</difficult>
		<bndbox>
			<xmin>354</xmin>
			<ymin>167</ymin>
			<xmax>430</xmax>
			<ymax>229</ymax>
		</bndbox>
	</object>
	<object>
		<name>candle</name>
		<pose>Unspecified</pose>
		<truncated>0</truncated>
		<difficult>0</difficult>
		<bndbox>
			<xmin>305</xmin>
			<ymin>230</ymin>
			<xmax>394</xmax>
			<ymax>305</ymax>
		</bndbox>
	</object>
</annotation>
