<annotation>
	<folder>one</folder>
	<filename>012.jpg</filename>
	<path>C:\Users\lenovo\Desktop\one\012.jpg</path>
	<source>
		<database>Unknown</database>
	</source>
	<size>
		<width>640</width>
		<height>480</height>
		<depth>3</depth>
	</size>
	<segmented>0</segmented>
	<object>
		<name>fire</name>
		<pose>Unspecified</pose>
		<truncated>0</truncated>
		<difficult>0</difficult>
		<bndbox>
			<xmin>382</xmin>
			<ymin>196</ymin>
			<xmax>440</xmax>
			<ymax>251</ymax>
		</bndbox>
	</object>
	<object>
		<name>candle</name>
		<pose>Unspecified</pose>
		<truncated>0</truncated>
		<difficult>0</difficult>
		<bndbox>
			<xmin>329</xmin>
			<ymin>246</ymin>
			<xmax>423</xmax>
			<ymax>344</ymax>
		</bndbox>
	</object>
</annotation>
