<annotation>
	<folder>one</folder>
	<filename>013.jpg</filename>
	<path>C:\Users\lenovo\Desktop\one\013.jpg</path>
	<source>
		<database>Unknown</database>
	</source>
	<size>
		<width>640</width>
		<height>480</height>
		<depth>3</depth>
	</size>
	<segmented>0</segmented>
	<object>
		<name>fire</name>
		<pose>Unspecified</pose>
		<truncated>0</truncated>
		<difficult>0</difficult>
		<bndbox>
			<xmin>473</xmin>
			<ymin>200</ymin>
			<xmax>537</xmax>
			<ymax>254</ymax>
		</bndbox>
	</object>
	<object>
		<name>candle</name>
		<pose>Unspecified</pose>
		<truncated>0</truncated>
		<difficult>0</difficult>
		<bndbox>
			<xmin>414</xmin>
			<ymin>237</ymin>
			<xmax>507</xmax>
			<ymax>344</ymax>
		</bndbox>
	</object>
</annotation>
