<annotation>
	<folder>one</folder>
	<filename>014.jpg</filename>
	<path>C:\Users\lenovo\Desktop\one\014.jpg</path>
	<source>
		<database>Unknown</database>
	</source>
	<size>
		<width>640</width>
		<height>480</height>
		<depth>3</depth>
	</size>
	<segmented>0</segmented>
	<object>
		<name>fire</name>
		<pose>Unspecified</pose>
		<truncated>0</truncated>
		<difficult>0</difficult>
		<bndbox>
			<xmin>417</xmin>
			<ymin>178</ymin>
			<xmax>476</xmax>
			<ymax>234</ymax>
		</bndbox>
	</object>
	<object>
		<name>candle</name>
		<pose>Unspecified</pose>
		<truncated>0</truncated>
		<difficult>0</difficult>
		<bndbox>
			<xmin>366</xmin>
			<ymin>216</ymin>
			<xmax>451</xmax>
			<ymax>315</ymax>
		</bndbox>
	</object>
</annotation>
