<annotation>
	<folder>one</folder>
	<filename>015.jpg</filename>
	<path>C:\Users\lenovo\Desktop\one\015.jpg</path>
	<source>
		<database>Unknown</database>
	</source>
	<size>
		<width>640</width>
		<height>480</height>
		<depth>3</depth>
	</size>
	<segmented>0</segmented>
	<object>
		<name>fire</name>
		<pose>Unspecified</pose>
		<truncated>0</truncated>
		<difficult>0</difficult>
		<bndbox>
			<xmin>386</xmin>
			<ymin>161</ymin>
			<xmax>442</xmax>
			<ymax>213</ymax>
		</bndbox>
	</object>
	<object>
		<name>candle</name>
		<pose>Unspecified</pose>
		<truncated>0</truncated>
		<difficult>0</difficult>
		<bndbox>
			<xmin>354</xmin>
			<ymin>202</ymin>
			<xmax>431</xmax>
			<ymax>313</ymax>
		</bndbox>
	</object>
</annotation>
