<annotation>
	<folder>one</folder>
	<filename>016.jpg</filename>
	<path>C:\Users\lenovo\Desktop\one\016.jpg</path>
	<source>
		<database>Unknown</database>
	</source>
	<size>
		<width>640</width>
		<height>480</height>
		<depth>3</depth>
	</size>
	<segmented>0</segmented>
	<object>
		<name>fire</name>
		<pose>Unspecified</pose>
		<truncated>0</truncated>
		<difficult>0</difficult>
		<bndbox>
			<xmin>391</xmin>
			<ymin>160</ymin>
			<xmax>436</xmax>
			<ymax>206</ymax>
		</bndbox>
	</object>
	<object>
		<name>candle</name>
		<pose>Unspecified</pose>
		<truncated>0</truncated>
		<difficult>0</difficult>
		<bndbox>
			<xmin>364</xmin>
			<ymin>203</ymin>
			<xmax>448</xmax>
			<ymax>302</ymax>
		</bndbox>
	</object>
</annotation>
