<annotation>
	<folder>one</folder>
	<filename>017.jpg</filename>
	<path>C:\Users\lenovo\Desktop\one\017.jpg</path>
	<source>
		<database>Unknown</database>
	</source>
	<size>
		<width>640</width>
		<height>480</height>
		<depth>3</depth>
	</size>
	<segmented>0</segmented>
	<object>
		<name>fire</name>
		<pose>Unspecified</pose>
		<truncated>0</truncated>
		<difficult>0</difficult>
		<bndbox>
			<xmin>431</xmin>
			<ymin>208</ymin>
			<xmax>493</xmax>
			<ymax>254</ymax>
		</bndbox>
	</object>
	<object>
		<name>candle</name>
		<pose>Unspecified</pose>
		<truncated>0</truncated>
		<difficult>0</difficult>
		<bndbox>
			<xmin>419</xmin>
			<ymin>256</ymin>
			<xmax>498</xmax>
			<ymax>364</ymax>
		</bndbox>
	</object>
</annotation>
