<annotation>
	<folder>one</folder>
	<filename>018.jpg</filename>
	<path>C:\Users\lenovo\Desktop\one\018.jpg</path>
	<source>
		<database>Unknown</database>
	</source>
	<size>
		<width>640</width>
		<height>480</height>
		<depth>3</depth>
	</size>
	<segmented>0</segmented>
	<object>
		<name>fire</name>
		<pose>Unspecified</pose>
		<truncated>0</truncated>
		<difficult>0</difficult>
		<bndbox>
			<xmin>408</xmin>
			<ymin>201</ymin>
			<xmax>462</xmax>
			<ymax>256</ymax>
		</bndbox>
	</object>
	<object>
		<name>candle</name>
		<pose>Unspecified</pose>
		<truncated>0</truncated>
		<difficult>0</difficult>
		<bndbox>
			<xmin>404</xmin>
			<ymin>255</ymin>
			<xmax>472</xmax>
			<ymax>354</ymax>
		</bndbox>
	</object>
</annotation>
