<annotation>
	<folder>one</folder>
	<filename>019.jpg</filename>
	<path>C:\Users\lenovo\Desktop\one\019.jpg</path>
	<source>
		<database>Unknown</database>
	</source>
	<size>
		<width>640</width>
		<height>480</height>
		<depth>3</depth>
	</size>
	<segmented>0</segmented>
	<object>
		<name>fire</name>
		<pose>Unspecified</pose>
		<truncated>0</truncated>
		<difficult>0</difficult>
		<bndbox>
			<xmin>375</xmin>
			<ymin>204</ymin>
			<xmax>451</xmax>
			<ymax>275</ymax>
		</bndbox>
	</object>
	<object>
		<name>candle</name>
		<pose>Unspecified</pose>
		<truncated>0</truncated>
		<difficult>0</difficult>
		<bndbox>
			<xmin>390</xmin>
			<ymin>278</ymin>
			<xmax>456</xmax>
			<ymax>364</ymax>
		</bndbox>
	</object>
</annotation>
