<annotation>
	<folder>one</folder>
	<filename>020.jpg</filename>
	<path>C:\Users\lenovo\Desktop\one\020.jpg</path>
	<source>
		<database>Unknown</database>
	</source>
	<size>
		<width>640</width>
		<height>480</height>
		<depth>3</depth>
	</size>
	<segmented>0</segmented>
	<object>
		<name>fire</name>
		<pose>Unspecified</pose>
		<truncated>0</truncated>
		<difficult>0</difficult>
		<bndbox>
			<xmin>370</xmin>
			<ymin>195</ymin>
			<xmax>435</xmax>
			<ymax>254</ymax>
		</bndbox>
	</object>
	<object>
		<name>candle</name>
		<pose>Unspecified</pose>
		<truncated>0</truncated>
		<difficult>0</difficult>
		<bndbox>
			<xmin>377</xmin>
			<ymin>254</ymin>
			<xmax>458</xmax>
			<ymax>365</ymax>
		</bndbox>
	</object>
</annotation>
