<annotation>
	<folder>one</folder>
	<filename>021.jpg</filename>
	<path>C:\Users\lenovo\Desktop\one\021.jpg</path>
	<source>
		<database>Unknown</database>
	</source>
	<size>
		<width>640</width>
		<height>480</height>
		<depth>3</depth>
	</size>
	<segmented>0</segmented>
	<object>
		<name>fire</name>
		<pose>Unspecified</pose>
		<truncated>0</truncated>
		<difficult>0</difficult>
		<bndbox>
			<xmin>354</xmin>
			<ymin>206</ymin>
			<xmax>428</xmax>
			<ymax>265</ymax>
		</bndbox>
	</object>
	<object>
		<name>candle</name>
		<pose>Unspecified</pose>
		<truncated>0</truncated>
		<difficult>0</difficult>
		<bndbox>
			<xmin>363</xmin>
			<ymin>265</ymin>
			<xmax>451</xmax>
			<ymax>366</ymax>
		</bndbox>
	</object>
</annotation>
