<annotation>
	<folder>one</folder>
	<filename>022.jpg</filename>
	<path>C:\Users\lenovo\Desktop\one\022.jpg</path>
	<source>
		<database>Unknown</database>
	</source>
	<size>
		<width>640</width>
		<height>480</height>
		<depth>3</depth>
	</size>
	<segmented>0</segmented>
	<object>
		<name>fire</name>
		<pose>Unspecified</pose>
		<truncated>0</truncated>
		<difficult>0</difficult>
		<bndbox>
			<xmin>332</xmin>
			<ymin>216</ymin>
			<xmax>400</xmax>
			<ymax>274</ymax>
		</bndbox>
	</object>
	<object>
		<name>candle</name>
		<pose>Unspecified</pose>
		<truncated>0</truncated>
		<difficult>0</difficult>
		<bndbox>
			<xmin>338</xmin>
			<ymin>278</ymin>
			<xmax>454</xmax>
			<ymax>377</ymax>
		</bndbox>
	</object>
</annotation>
