<annotation>
	<folder>one</folder>
	<filename>023.jpg</filename>
	<path>C:\Users\lenovo\Desktop\one\023.jpg</path>
	<source>
		<database>Unknown</database>
	</source>
	<size>
		<width>640</width>
		<height>480</height>
		<depth>3</depth>
	</size>
	<segmented>0</segmented>
	<object>
		<name>candle</name>
		<pose>Unspecified</pose>
		<truncated>0</truncated>
		<difficult>0</difficult>
		<bndbox>
			<xmin>339</xmin>
			<ymin>192</ymin>
			<xmax>386</xmax>
			<ymax>238</ymax>
		</bndbox>
	</object>
	<object>
		<name>candle</name>
		<pose>Unspecified</pose>
		<truncated>0</truncated>
		<difficult>0</difficult>
		<bndbox>
			<xmin>333</xmin>
			<ymin>237</ymin>
			<xmax>377</xmax>
			<ymax>322</ymax>
		</bndbox>
	</object>
</annotation>
