<annotation>
	<folder>one</folder>
	<filename>024.jpg</filename>
	<path>C:\Users\lenovo\Desktop\one\024.jpg</path>
	<source>
		<database>Unknown</database>
	</source>
	<size>
		<width>640</width>
		<height>480</height>
		<depth>3</depth>
	</size>
	<segmented>0</segmented>
	<object>
		<name>fire</name>
		<pose>Unspecified</pose>
		<truncated>0</truncated>
		<difficult>0</difficult>
		<bndbox>
			<xmin>354</xmin>
			<ymin>229</ymin>
			<xmax>391</xmax>
			<ymax>267</ymax>
		</bndbox>
	</object>
	<object>
		<name>candle</name>
		<pose>Unspecified</pose>
		<truncated>0</truncated>
		<difficult>0</difficult>
		<bndbox>
			<xmin>338</xmin>
			<ymin>266</ymin>
			<xmax>388</xmax>
			<ymax>343</ymax>
		</bndbox>
	</object>
</annotation>
