<annotation>
	<folder>one</folder>
	<filename>025.jpg</filename>
	<path>C:\Users\lenovo\Desktop\one\025.jpg</path>
	<source>
		<database>Unknown</database>
	</source>
	<size>
		<width>640</width>
		<height>480</height>
		<depth>3</depth>
	</size>
	<segmented>0</segmented>
	<object>
		<name>fire</name>
		<pose>Unspecified</pose>
		<truncated>0</truncated>
		<difficult>0</difficult>
		<bndbox>
			<xmin>388</xmin>
			<ymin>212</ymin>
			<xmax>432</xmax>
			<ymax>253</ymax>
		</bndbox>
	</object>
	<object>
		<name>candle</name>
		<pose>Unspecified</pose>
		<truncated>0</truncated>
		<difficult>0</difficult>
		<bndbox>
			<xmin>362</xmin>
			<ymin>237</ymin>
			<xmax>425</xmax>
			<ymax>323</ymax>
		</bndbox>
	</object>
</annotation>
