<annotation>
	<folder>one</folder>
	<filename>026.jpg</filename>
	<path>C:\Users\lenovo\Desktop\one\026.jpg</path>
	<source>
		<database>Unknown</database>
	</source>
	<size>
		<width>640</width>
		<height>480</height>
		<depth>3</depth>
	</size>
	<segmented>0</segmented>
	<object>
		<name>fire</name>
		<pose>Unspecified</pose>
		<truncated>0</truncated>
		<difficult>0</difficult>
		<bndbox>
			<xmin>406</xmin>
			<ymin>197</ymin>
			<xmax>452</xmax>
			<ymax>241</ymax>
		</bndbox>
	</object>
	<object>
		<name>candle</name>
		<pose>Unspecified</pose>
		<truncated>0</truncated>
		<difficult>0</difficult>
		<bndbox>
			<xmin>369</xmin>
			<ymin>229</ymin>
			<xmax>439</xmax>
			<ymax>312</ymax>
		</bndbox>
	</object>
</annotation>
