<annotation>
	<folder>one</folder>
	<filename>027.jpg</filename>
	<path>C:\Users\lenovo\Desktop\one\027.jpg</path>
	<source>
		<database>Unknown</database>
	</source>
	<size>
		<width>640</width>
		<height>480</height>
		<depth>3</depth>
	</size>
	<segmented>0</segmented>
	<object>
		<name>fire</name>
		<pose>Unspecified</pose>
		<truncated>0</truncated>
		<difficult>0</difficult>
		<bndbox>
			<xmin>455</xmin>
			<ymin>191</ymin>
			<xmax>505</xmax>
			<ymax>232</ymax>
		</bndbox>
	</object>
	<object>
		<name>candle</name>
		<pose>Unspecified</pose>
		<truncated>0</truncated>
		<difficult>0</difficult>
		<bndbox>
			<xmin>410</xmin>
			<ymin>220</ymin>
			<xmax>505</xmax>
			<ymax>302</ymax>
		</bndbox>
	</object>
</annotation>
