<annotation>
	<folder>one</folder>
	<filename>028.jpg</filename>
	<path>C:\Users\lenovo\Desktop\one\028.jpg</path>
	<source>
		<database>Unknown</database>
	</source>
	<size>
		<width>640</width>
		<height>480</height>
		<depth>3</depth>
	</size>
	<segmented>0</segmented>
	<object>
		<name>fire</name>
		<pose>Unspecified</pose>
		<truncated>0</truncated>
		<difficult>0</difficult>
		<bndbox>
			<xmin>469</xmin>
			<ymin>166</ymin>
			<xmax>520</xmax>
			<ymax>211</ymax>
		</bndbox>
	</object>
	<object>
		<name>candle</name>
		<pose>Unspecified</pose>
		<truncated>0</truncated>
		<difficult>0</difficult>
		<bndbox>
			<xmin>411</xmin>
			<ymin>197</ymin>
			<xmax>508</xmax>
			<ymax>278</ymax>
		</bndbox>
	</object>
</annotation>
