<annotation>
	<folder>one</folder>
	<filename>029.jpg</filename>
	<path>C:\Users\lenovo\Desktop\one\029.jpg</path>
	<source>
		<database>Unknown</database>
	</source>
	<size>
		<width>640</width>
		<height>480</height>
		<depth>3</depth>
	</size>
	<segmented>0</segmented>
	<object>
		<name>fire</name>
		<pose>Unspecified</pose>
		<truncated>0</truncated>
		<difficult>0</difficult>
		<bndbox>
			<xmin>486</xmin>
			<ymin>135</ymin>
			<xmax>545</xmax>
			<ymax>185</ymax>
		</bndbox>
	</object>
	<object>
		<name>candle</name>
		<pose>Unspecified</pose>
		<truncated>0</truncated>
		<difficult>0</difficult>
		<bndbox>
			<xmin>427</xmin>
			<ymin>169</ymin>
			<xmax>518</xmax>
			<ymax>256</ymax>
		</bndbox>
	</object>
</annotation>
