<annotation>
	<folder>one</folder>
	<filename>030.jpg</filename>
	<path>C:\Users\lenovo\Desktop\one\030.jpg</path>
	<source>
		<database>Unknown</database>
	</source>
	<size>
		<width>640</width>
		<height>480</height>
		<depth>3</depth>
	</size>
	<segmented>0</segmented>
	<object>
		<name>fire</name>
		<pose>Unspecified</pose>
		<truncated>0</truncated>
		<difficult>0</difficult>
		<bndbox>
			<xmin>456</xmin>
			<ymin>136</ymin>
			<xmax>509</xmax>
			<ymax>185</ymax>
		</bndbox>
	</object>
	<object>
		<name>candle</name>
		<pose>Unspecified</pose>
		<truncated>0</truncated>
		<difficult>0</difficult>
		<bndbox>
			<xmin>411</xmin>
			<ymin>177</ymin>
			<xmax>503</xmax>
			<ymax>264</ymax>
		</bndbox>
	</object>
</annotation>
