<annotation>
	<folder>one</folder>
	<filename>031.jpg</filename>
	<path>C:\Users\lenovo\Desktop\one\031.jpg</path>
	<source>
		<database>Unknown</database>
	</source>
	<size>
		<width>640</width>
		<height>480</height>
		<depth>3</depth>
	</size>
	<segmented>0</segmented>
	<object>
		<name>fire</name>
		<pose>Unspecified</pose>
		<truncated>0</truncated>
		<difficult>0</difficult>
		<bndbox>
			<xmin>428</xmin>
			<ymin>152</ymin>
			<xmax>477</xmax>
			<ymax>196</ymax>
		</bndbox>
	</object>
	<object>
		<name>candle</name>
		<pose>Unspecified</pose>
		<truncated>0</truncated>
		<difficult>0</difficult>
		<bndbox>
			<xmin>408</xmin>
			<ymin>188</ymin>
			<xmax>471</xmax>
			<ymax>278</ymax>
		</bndbox>
	</object>
</annotation>
