<annotation>
	<folder>one</folder>
	<filename>032.jpg</filename>
	<path>C:\Users\lenovo\Desktop\one\032.jpg</path>
	<source>
		<database>Unknown</database>
	</source>
	<size>
		<width>640</width>
		<height>480</height>
		<depth>3</depth>
	</size>
	<segmented>0</segmented>
	<object>
		<name>fire</name>
		<pose>Unspecified</pose>
		<truncated>0</truncated>
		<difficult>0</difficult>
		<bndbox>
			<xmin>434</xmin>
			<ymin>140</ymin>
			<xmax>488</xmax>
			<ymax>191</ymax>
		</bndbox>
	</object>
	<object>
		<name>candle</name>
		<pose>Unspecified</pose>
		<truncated>0</truncated>
		<difficult>0</difficult>
		<bndbox>
			<xmin>433</xmin>
			<ymin>185</ymin>
			<xmax>490</xmax>
			<ymax>278</ymax>
		</bndbox>
	</object>
</annotation>
