<annotation>
	<folder>one</folder>
	<filename>033.jpg</filename>
	<path>C:\Users\lenovo\Desktop\one\033.jpg</path>
	<source>
		<database>Unknown</database>
	</source>
	<size>
		<width>640</width>
		<height>480</height>
		<depth>3</depth>
	</size>
	<segmented>0</segmented>
	<object>
		<name>fire</name>
		<pose>Unspecified</pose>
		<truncated>0</truncated>
		<difficult>0</difficult>
		<bndbox>
			<xmin>402</xmin>
			<ymin>121</ymin>
			<xmax>465</xmax>
			<ymax>179</ymax>
		</bndbox>
	</object>
	<object>
		<name>candle</name>
		<pose>Unspecified</pose>
		<truncated>0</truncated>
		<difficult>0</difficult>
		<bndbox>
			<xmin>407</xmin>
			<ymin>177</ymin>
			<xmax>481</xmax>
			<ymax>260</ymax>
		</bndbox>
	</object>
</annotation>
