<annotation>
	<folder>one</folder>
	<filename>034.jpg</filename>
	<path>C:\Users\lenovo\Desktop\one\034.jpg</path>
	<source>
		<database>Unknown</database>
	</source>
	<size>
		<width>640</width>
		<height>480</height>
		<depth>3</depth>
	</size>
	<segmented>0</segmented>
	<object>
		<name>fire</name>
		<pose>Unspecified</pose>
		<truncated>0</truncated>
		<difficult>0</difficult>
		<bndbox>
			<xmin>362</xmin>
			<ymin>133</ymin>
			<xmax>427</xmax>
			<ymax>185</ymax>
		</bndbox>
	</object>
	<object>
		<name>candle</name>
		<pose>Unspecified</pose>
		<truncated>0</truncated>
		<difficult>0</difficult>
		<bndbox>
			<xmin>382</xmin>
			<ymin>175</ymin>
			<xmax>466</xmax>
			<ymax>258</ymax>
		</bndbox>
	</object>
</annotation>
