<annotation>
	<folder>one</folder>
	<filename>035.jpg</filename>
	<path>C:\Users\lenovo\Desktop\one\035.jpg</path>
	<source>
		<database>Unknown</database>
	</source>
	<size>
		<width>640</width>
		<height>480</height>
		<depth>3</depth>
	</size>
	<segmented>0</segmented>
	<object>
		<name>fire</name>
		<pose>Unspecified</pose>
		<truncated>0</truncated>
		<difficult>0</difficult>
		<bndbox>
			<xmin>322</xmin>
			<ymin>137</ymin>
			<xmax>388</xmax>
			<ymax>191</ymax>
		</bndbox>
	</object>
	<object>
		<name>candle</name>
		<pose>Unspecified</pose>
		<truncated>0</truncated>
		<difficult>0</difficult>
		<bndbox>
			<xmin>359</xmin>
			<ymin>176</ymin>
			<xmax>473</xmax>
			<ymax>262</ymax>
		</bndbox>
	</object>
</annotation>
