<annotation>
	<folder>one</folder>
	<filename>036.jpg</filename>
	<path>C:\Users\lenovo\Desktop\one\036.jpg</path>
	<source>
		<database>Unknown</database>
	</source>
	<size>
		<width>640</width>
		<height>480</height>
		<depth>3</depth>
	</size>
	<segmented>0</segmented>
	<object>
		<name>fire</name>
		<pose>Unspecified</pose>
		<truncated>0</truncated>
		<difficult>0</difficult>
		<bndbox>
			<xmin>348</xmin>
			<ymin>183</ymin>
			<xmax>410</xmax>
			<ymax>227</ymax>
		</bndbox>
	</object>
	<object>
		<name>candle</name>
		<pose>Unspecified</pose>
		<truncated>0</truncated>
		<difficult>0</difficult>
		<bndbox>
			<xmin>370</xmin>
			<ymin>230</ymin>
			<xmax>448</xmax>
			<ymax>306</ymax>
		</bndbox>
	</object>
</annotation>
