<annotation>
	<folder>one</folder>
	<filename>037.jpg</filename>
	<path>C:\Users\lenovo\Desktop\one\037.jpg</path>
	<source>
		<database>Unknown</database>
	</source>
	<size>
		<width>640</width>
		<height>480</height>
		<depth>3</depth>
	</size>
	<segmented>0</segmented>
	<object>
		<name>fire</name>
		<pose>Unspecified</pose>
		<truncated>0</truncated>
		<difficult>0</difficult>
		<bndbox>
			<xmin>354</xmin>
			<ymin>178</ymin>
			<xmax>404</xmax>
			<ymax>222</ymax>
		</bndbox>
	</object>
	<object>
		<name>candle</name>
		<pose>Unspecified</pose>
		<truncated>0</truncated>
		<difficult>0</difficult>
		<bndbox>
			<xmin>367</xmin>
			<ymin>220</ymin>
			<xmax>430</xmax>
			<ymax>308</ymax>
		</bndbox>
	</object>
</annotation>
