<annotation>
	<folder>one</folder>
	<filename>038.jpg</filename>
	<path>C:\Users\lenovo\Desktop\one\038.jpg</path>
	<source>
		<database>Unknown</database>
	</source>
	<size>
		<width>640</width>
		<height>480</height>
		<depth>3</depth>
	</size>
	<segmented>0</segmented>
	<object>
		<name>fire</name>
		<pose>Unspecified</pose>
		<truncated>0</truncated>
		<difficult>0</difficult>
		<bndbox>
			<xmin>377</xmin>
			<ymin>159</ymin>
			<xmax>437</xmax>
			<ymax>214</ymax>
		</bndbox>
	</object>
	<object>
		<name>candle</name>
		<pose>Unspecified</pose>
		<truncated>0</truncated>
		<difficult>0</difficult>
		<bndbox>
			<xmin>386</xmin>
			<ymin>214</ymin>
			<xmax>435</xmax>
			<ymax>294</ymax>
		</bndbox>
	</object>
</annotation>
