<annotation>
	<folder>one</folder>
	<filename>039.jpg</filename>
	<path>C:\Users\lenovo\Desktop\one\039.jpg</path>
	<source>
		<database>Unknown</database>
	</source>
	<size>
		<width>640</width>
		<height>480</height>
		<depth>3</depth>
	</size>
	<segmented>0</segmented>
	<object>
		<name>fire</name>
		<pose>Unspecified</pose>
		<truncated>0</truncated>
		<difficult>0</difficult>
		<bndbox>
			<xmin>458</xmin>
			<ymin>148</ymin>
			<xmax>514</xmax>
			<ymax>201</ymax>
		</bndbox>
	</object>
	<object>
		<name>candle</name>
		<pose>Unspecified</pose>
		<truncated>0</truncated>
		<difficult>0</difficult>
		<bndbox>
			<xmin>438</xmin>
			<ymin>195</ymin>
			<xmax>505</xmax>
			<ymax>291</ymax>
		</bndbox>
	</object>
</annotation>
