<annotation>
	<folder>one</folder>
	<filename>040.jpg</filename>
	<path>C:\Users\lenovo\Desktop\one\040.jpg</path>
	<source>
		<database>Unknown</database>
	</source>
	<size>
		<width>640</width>
		<height>480</height>
		<depth>3</depth>
	</size>
	<segmented>0</segmented>
	<object>
		<name>fire</name>
		<pose>Unspecified</pose>
		<truncated>0</truncated>
		<difficult>0</difficult>
		<bndbox>
			<xmin>406</xmin>
			<ymin>163</ymin>
			<xmax>458</xmax>
			<ymax>208</ymax>
		</bndbox>
	</object>
	<object>
		<name>candle</name>
		<pose>Unspecified</pose>
		<truncated>0</truncated>
		<difficult>0</difficult>
		<bndbox>
			<xmin>380</xmin>
			<ymin>206</ymin>
			<xmax>453</xmax>
			<ymax>290</ymax>
		</bndbox>
	</object>
</annotation>
