<annotation>
	<folder>one</folder>
	<filename>041.jpg</filename>
	<path>C:\Users\lenovo\Desktop\one\041.jpg</path>
	<source>
		<database>Unknown</database>
	</source>
	<size>
		<width>640</width>
		<height>480</height>
		<depth>3</depth>
	</size>
	<segmented>0</segmented>
	<object>
		<name>fire</name>
		<pose>Unspecified</pose>
		<truncated>0</truncated>
		<difficult>0</difficult>
		<bndbox>
			<xmin>444</xmin>
			<ymin>151</ymin>
			<xmax>504</xmax>
			<ymax>198</ymax>
		</bndbox>
	</object>
	<object>
		<name>candle</name>
		<pose>Unspecified</pose>
		<truncated>0</truncated>
		<difficult>0</difficult>
		<bndbox>
			<xmin>419</xmin>
			<ymin>195</ymin>
			<xmax>494</xmax>
			<ymax>281</ymax>
		</bndbox>
	</object>
</annotation>
