<annotation>
	<folder>one</folder>
	<filename>042.jpg</filename>
	<path>C:\Users\lenovo\Desktop\one\042.jpg</path>
	<source>
		<database>Unknown</database>
	</source>
	<size>
		<width>640</width>
		<height>480</height>
		<depth>3</depth>
	</size>
	<segmented>0</segmented>
	<object>
		<name>fire</name>
		<pose>Unspecified</pose>
		<truncated>0</truncated>
		<difficult>0</difficult>
		<bndbox>
			<xmin>437</xmin>
			<ymin>142</ymin>
			<xmax>496</xmax>
			<ymax>196</ymax>
		</bndbox>
	</object>
	<object>
		<name>candle</name>
		<pose>Unspecified</pose>
		<truncated>0</truncated>
		<difficult>0</difficult>
		<bndbox>
			<xmin>413</xmin>
			<ymin>187</ymin>
			<xmax>490</xmax>
			<ymax>275</ymax>
		</bndbox>
	</object>
</annotation>
