<annotation>
	<folder>one</folder>
	<filename>043.jpg</filename>
	<path>C:\Users\lenovo\Desktop\one\043.jpg</path>
	<source>
		<database>Unknown</database>
	</source>
	<size>
		<width>640</width>
		<height>480</height>
		<depth>3</depth>
	</size>
	<segmented>0</segmented>
	<object>
		<name>fire</name>
		<pose>Unspecified</pose>
		<truncated>0</truncated>
		<difficult>0</difficult>
		<bndbox>
			<xmin>411</xmin>
			<ymin>97</ymin>
			<xmax>485</xmax>
			<ymax>160</ymax>
		</bndbox>
	</object>
	<object>
		<name>candle</name>
		<pose>Unspecified</pose>
		<truncated>0</truncated>
		<difficult>0</difficult>
		<bndbox>
			<xmin>411</xmin>
			<ymin>158</ymin>
			<xmax>479</xmax>
			<ymax>243</ymax>
		</bndbox>
	</object>
</annotation>
