<annotation>
	<folder>one</folder>
	<filename>044.jpg</filename>
	<path>C:\Users\lenovo\Desktop\one\044.jpg</path>
	<source>
		<database>Unknown</database>
	</source>
	<size>
		<width>640</width>
		<height>480</height>
		<depth>3</depth>
	</size>
	<segmented>0</segmented>
	<object>
		<name>fire</name>
		<pose>Unspecified</pose>
		<truncated>0</truncated>
		<difficult>0</difficult>
		<bndbox>
			<xmin>392</xmin>
			<ymin>84</ymin>
			<xmax>463</xmax>
			<ymax>143</ymax>
		</bndbox>
	</object>
	<object>
		<name>candle</name>
		<pose>Unspecified</pose>
		<truncated>0</truncated>
		<difficult>0</difficult>
		<bndbox>
			<xmin>406</xmin>
			<ymin>146</ymin>
			<xmax>473</xmax>
			<ymax>230</ymax>
		</bndbox>
	</object>
</annotation>
