<annotation>
	<folder>one</folder>
	<filename>045.jpg</filename>
	<path>C:\Users\lenovo\Desktop\one\045.jpg</path>
	<source>
		<database>Unknown</database>
	</source>
	<size>
		<width>640</width>
		<height>480</height>
		<depth>3</depth>
	</size>
	<segmented>0</segmented>
	<object>
		<name>fire</name>
		<pose>Unspecified</pose>
		<truncated>0</truncated>
		<difficult>0</difficult>
		<bndbox>
			<xmin>373</xmin>
			<ymin>62</ymin>
			<xmax>455</xmax>
			<ymax>123</ymax>
		</bndbox>
	</object>
	<object>
		<name>candle</name>
		<pose>Unspecified</pose>
		<truncated>0</truncated>
		<difficult>0</difficult>
		<bndbox>
			<xmin>383</xmin>
			<ymin>122</ymin>
			<xmax>468</xmax>
			<ymax>214</ymax>
		</bndbox>
	</object>
</annotation>
