<annotation>
	<folder>one</folder>
	<filename>046.jpg</filename>
	<path>C:\Users\lenovo\Desktop\one\046.jpg</path>
	<source>
		<database>Unknown</database>
	</source>
	<size>
		<width>640</width>
		<height>480</height>
		<depth>3</depth>
	</size>
	<segmented>0</segmented>
	<object>
		<name>fire</name>
		<pose>Unspecified</pose>
		<truncated>0</truncated>
		<difficult>0</difficult>
		<bndbox>
			<xmin>391</xmin>
			<ymin>95</ymin>
			<xmax>450</xmax>
			<ymax>156</ymax>
		</bndbox>
	</object>
	<object>
		<name>candle</name>
		<pose>Unspecified</pose>
		<truncated>0</truncated>
		<difficult>0</difficult>
		<bndbox>
			<xmin>411</xmin>
			<ymin>154</ymin>
			<xmax>496</xmax>
			<ymax>240</ymax>
		</bndbox>
	</object>
</annotation>
