<annotation>
	<folder>one</folder>
	<filename>047.jpg</filename>
	<path>C:\Users\lenovo\Desktop\one\047.jpg</path>
	<source>
		<database>Unknown</database>
	</source>
	<size>
		<width>640</width>
		<height>480</height>
		<depth>3</depth>
	</size>
	<segmented>0</segmented>
	<object>
		<name>fire</name>
		<pose>Unspecified</pose>
		<truncated>0</truncated>
		<difficult>0</difficult>
		<bndbox>
			<xmin>400</xmin>
			<ymin>143</ymin>
			<xmax>466</xmax>
			<ymax>201</ymax>
		</bndbox>
	</object>
	<object>
		<name>candle</name>
		<pose>Unspecified</pose>
		<truncated>0</truncated>
		<difficult>0</difficult>
		<bndbox>
			<xmin>425</xmin>
			<ymin>200</ymin>
			<xmax>521</xmax>
			<ymax>289</ymax>
		</bndbox>
	</object>
</annotation>
