<annotation>
	<folder>one</folder>
	<filename>048.jpg</filename>
	<path>C:\Users\lenovo\Desktop\one\048.jpg</path>
	<source>
		<database>Unknown</database>
	</source>
	<size>
		<width>640</width>
		<height>480</height>
		<depth>3</depth>
	</size>
	<segmented>0</segmented>
	<object>
		<name>fire</name>
		<pose>Unspecified</pose>
		<truncated>0</truncated>
		<difficult>0</difficult>
		<bndbox>
			<xmin>198</xmin>
			<ymin>191</ymin>
			<xmax>264</xmax>
			<ymax>246</ymax>
		</bndbox>
	</object>
	<object>
		<name>candle</name>
		<pose>Unspecified</pose>
		<truncated>0</truncated>
		<difficult>0</difficult>
		<bndbox>
			<xmin>196</xmin>
			<ymin>248</ymin>
			<xmax>282</xmax>
			<ymax>349</ymax>
		</bndbox>
	</object>
</annotation>
