<annotation>
	<folder>one</folder>
	<filename>049.jpg</filename>
	<path>C:\Users\lenovo\Desktop\one\049.jpg</path>
	<source>
		<database>Unknown</database>
	</source>
	<size>
		<width>640</width>
		<height>480</height>
		<depth>3</depth>
	</size>
	<segmented>0</segmented>
	<object>
		<name>fire</name>
		<pose>Unspecified</pose>
		<truncated>0</truncated>
		<difficult>0</difficult>
		<bndbox>
			<xmin>288</xmin>
			<ymin>155</ymin>
			<xmax>350</xmax>
			<ymax>208</ymax>
		</bndbox>
	</object>
	<object>
		<name>candle</name>
		<pose>Unspecified</pose>
		<truncated>0</truncated>
		<difficult>0</difficult>
		<bndbox>
			<xmin>290</xmin>
			<ymin>212</ymin>
			<xmax>358</xmax>
			<ymax>322</ymax>
		</bndbox>
	</object>
</annotation>
