<annotation>
	<folder>one</folder>
	<filename>050.jpg</filename>
	<path>C:\Users\lenovo\Desktop\one\050.jpg</path>
	<source>
		<database>Unknown</database>
	</source>
	<size>
		<width>640</width>
		<height>480</height>
		<depth>3</depth>
	</size>
	<segmented>0</segmented>
	<object>
		<name>fire</name>
		<pose>Unspecified</pose>
		<truncated>0</truncated>
		<difficult>0</difficult>
		<bndbox>
			<xmin>411</xmin>
			<ymin>148</ymin>
			<xmax>496</xmax>
			<ymax>216</ymax>
		</bndbox>
	</object>
	<object>
		<name>candle</name>
		<pose>Unspecified</pose>
		<truncated>0</truncated>
		<difficult>0</difficult>
		<bndbox>
			<xmin>417</xmin>
			<ymin>217</ymin>
			<xmax>484</xmax>
			<ymax>334</ymax>
		</bndbox>
	</object>
</annotation>
