<annotation>
	<folder>one</folder>
	<filename>051.jpg</filename>
	<path>C:\Users\lenovo\Desktop\one\051.jpg</path>
	<source>
		<database>Unknown</database>
	</source>
	<size>
		<width>640</width>
		<height>480</height>
		<depth>3</depth>
	</size>
	<segmented>0</segmented>
	<object>
		<name>fire</name>
		<pose>Unspecified</pose>
		<truncated>0</truncated>
		<difficult>0</difficult>
		<bndbox>
			<xmin>414</xmin>
			<ymin>146</ymin>
			<xmax>489</xmax>
			<ymax>233</ymax>
		</bndbox>
	</object>
	<object>
		<name>candle</name>
		<pose>Unspecified</pose>
		<truncated>0</truncated>
		<difficult>0</difficult>
		<bndbox>
			<xmin>398</xmin>
			<ymin>216</ymin>
			<xmax>482</xmax>
			<ymax>331</ymax>
		</bndbox>
	</object>
</annotation>
