<annotation>
	<folder>one</folder>
	<filename>052.jpg</filename>
	<path>C:\Users\lenovo\Desktop\one\052.jpg</path>
	<source>
		<database>Unknown</database>
	</source>
	<size>
		<width>640</width>
		<height>480</height>
		<depth>3</depth>
	</size>
	<segmented>0</segmented>
	<object>
		<name>fire</name>
		<pose>Unspecified</pose>
		<truncated>0</truncated>
		<difficult>0</difficult>
		<bndbox>
			<xmin>436</xmin>
			<ymin>160</ymin>
			<xmax>514</xmax>
			<ymax>229</ymax>
		</bndbox>
	</object>
	<object>
		<name>candle</name>
		<pose>Unspecified</pose>
		<truncated>0</truncated>
		<difficult>0</difficult>
		<bndbox>
			<xmin>437</xmin>
			<ymin>217</ymin>
			<xmax>508</xmax>
			<ymax>323</ymax>
		</bndbox>
	</object>
</annotation>
