<annotation>
	<folder>one</folder>
	<filename>053.jpg</filename>
	<path>C:\Users\lenovo\Desktop\one\053.jpg</path>
	<source>
		<database>Unknown</database>
	</source>
	<size>
		<width>640</width>
		<height>480</height>
		<depth>3</depth>
	</size>
	<segmented>0</segmented>
	<object>
		<name>fire</name>
		<pose>Unspecified</pose>
		<truncated>0</truncated>
		<difficult>0</difficult>
		<bndbox>
			<xmin>453</xmin>
			<ymin>161</ymin>
			<xmax>532</xmax>
			<ymax>223</ymax>
		</bndbox>
	</object>
	<object>
		<name>candle</name>
		<pose>Unspecified</pose>
		<truncated>0</truncated>
		<difficult>0</difficult>
		<bndbox>
			<xmin>453</xmin>
			<ymin>215</ymin>
			<xmax>522</xmax>
			<ymax>307</ymax>
		</bndbox>
	</object>
</annotation>
