<annotation>
	<folder>one</folder>
	<filename>054.jpg</filename>
	<path>C:\Users\lenovo\Desktop\one\054.jpg</path>
	<source>
		<database>Unknown</database>
	</source>
	<size>
		<width>640</width>
		<height>480</height>
		<depth>3</depth>
	</size>
	<segmented>0</segmented>
	<object>
		<name>fire</name>
		<pose>Unspecified</pose>
		<truncated>0</truncated>
		<difficult>0</difficult>
		<bndbox>
			<xmin>510</xmin>
			<ymin>119</ymin>
			<xmax>576</xmax>
			<ymax>181</ymax>
		</bndbox>
	</object>
	<object>
		<name>candle</name>
		<pose>Unspecified</pose>
		<truncated>0</truncated>
		<difficult>0</difficult>
		<bndbox>
			<xmin>500</xmin>
			<ymin>168</ymin>
			<xmax>574</xmax>
			<ymax>245</ymax>
		</bndbox>
	</object>
</annotation>
