<annotation>
	<folder>one</folder>
	<filename>055.jpg</filename>
	<path>C:\Users\lenovo\Desktop\one\055.jpg</path>
	<source>
		<database>Unknown</database>
	</source>
	<size>
		<width>640</width>
		<height>480</height>
		<depth>3</depth>
	</size>
	<segmented>0</segmented>
	<object>
		<name>fire</name>
		<pose>Unspecified</pose>
		<truncated>0</truncated>
		<difficult>0</difficult>
		<bndbox>
			<xmin>462</xmin>
			<ymin>140</ymin>
			<xmax>533</xmax>
			<ymax>201</ymax>
		</bndbox>
	</object>
	<object>
		<name>candle</name>
		<pose>Unspecified</pose>
		<truncated>0</truncated>
		<difficult>0</difficult>
		<bndbox>
			<xmin>449</xmin>
			<ymin>203</ymin>
			<xmax>524</xmax>
			<ymax>277</ymax>
		</bndbox>
	</object>
</annotation>
