<annotation>
	<folder>one</folder>
	<filename>056.jpg</filename>
	<path>C:\Users\lenovo\Desktop\one\056.jpg</path>
	<source>
		<database>Unknown</database>
	</source>
	<size>
		<width>640</width>
		<height>480</height>
		<depth>3</depth>
	</size>
	<segmented>0</segmented>
	<object>
		<name>fire</name>
		<pose>Unspecified</pose>
		<truncated>0</truncated>
		<difficult>0</difficult>
		<bndbox>
			<xmin>404</xmin>
			<ymin>156</ymin>
			<xmax>471</xmax>
			<ymax>214</ymax>
		</bndbox>
	</object>
	<object>
		<name>candle</name>
		<pose>Unspecified</pose>
		<truncated>0</truncated>
		<difficult>0</difficult>
		<bndbox>
			<xmin>392</xmin>
			<ymin>210</ymin>
			<xmax>469</xmax>
			<ymax>303</ymax>
		</bndbox>
	</object>
</annotation>
