<annotation>
	<folder>one</folder>
	<filename>057.jpg</filename>
	<path>C:\Users\lenovo\Desktop\one\057.jpg</path>
	<source>
		<database>Unknown</database>
	</source>
	<size>
		<width>640</width>
		<height>480</height>
		<depth>3</depth>
	</size>
	<segmented>0</segmented>
	<object>
		<name>fire</name>
		<pose>Unspecified</pose>
		<truncated>0</truncated>
		<difficult>0</difficult>
		<bndbox>
			<xmin>335</xmin>
			<ymin>172</ymin>
			<xmax>429</xmax>
			<ymax>233</ymax>
		</bndbox>
	</object>
	<object>
		<name>candle</name>
		<pose>Unspecified</pose>
		<truncated>0</truncated>
		<difficult>0</difficult>
		<bndbox>
			<xmin>350</xmin>
			<ymin>238</ymin>
			<xmax>437</xmax>
			<ymax>345</ymax>
		</bndbox>
	</object>
</annotation>
