<annotation>
	<folder>one</folder>
	<filename>058.jpg</filename>
	<path>C:\Users\lenovo\Desktop\one\058.jpg</path>
	<source>
		<database>Unknown</database>
	</source>
	<size>
		<width>640</width>
		<height>480</height>
		<depth>3</depth>
	</size>
	<segmented>0</segmented>
	<object>
		<name>fire</name>
		<pose>Unspecified</pose>
		<truncated>0</truncated>
		<difficult>0</difficult>
		<bndbox>
			<xmin>347</xmin>
			<ymin>137</ymin>
			<xmax>421</xmax>
			<ymax>193</ymax>
		</bndbox>
	</object>
	<object>
		<name>candle</name>
		<pose>Unspecified</pose>
		<truncated>0</truncated>
		<difficult>0</difficult>
		<bndbox>
			<xmin>349</xmin>
			<ymin>186</ymin>
			<xmax>436</xmax>
			<ymax>325</ymax>
		</bndbox>
	</object>
</annotation>
