<annotation>
	<folder>one</folder>
	<filename>059.jpg</filename>
	<path>C:\Users\lenovo\Desktop\one\059.jpg</path>
	<source>
		<database>Unknown</database>
	</source>
	<size>
		<width>640</width>
		<height>480</height>
		<depth>3</depth>
	</size>
	<segmented>0</segmented>
	<object>
		<name>fire</name>
		<pose>Unspecified</pose>
		<truncated>0</truncated>
		<difficult>0</difficult>
		<bndbox>
			<xmin>333</xmin>
			<ymin>124</ymin>
			<xmax>415</xmax>
			<ymax>192</ymax>
		</bndbox>
	</object>
	<object>
		<name>candle</name>
		<pose>Unspecified</pose>
		<truncated>0</truncated>
		<difficult>0</difficult>
		<bndbox>
			<xmin>340</xmin>
			<ymin>184</ymin>
			<xmax>432</xmax>
			<ymax>317</ymax>
		</bndbox>
	</object>
</annotation>
