<annotation>
	<folder>one</folder>
	<filename>060.jpg</filename>
	<path>C:\Users\lenovo\Desktop\one\060.jpg</path>
	<source>
		<database>Unknown</database>
	</source>
	<size>
		<width>640</width>
		<height>480</height>
		<depth>3</depth>
	</size>
	<segmented>0</segmented>
	<object>
		<name>fire</name>
		<pose>Unspecified</pose>
		<truncated>0</truncated>
		<difficult>0</difficult>
		<bndbox>
			<xmin>342</xmin>
			<ymin>154</ymin>
			<xmax>439</xmax>
			<ymax>231</ymax>
		</bndbox>
	</object>
	<object>
		<name>candle</name>
		<pose>Unspecified</pose>
		<truncated>0</truncated>
		<difficult>0</difficult>
		<bndbox>
			<xmin>376</xmin>
			<ymin>211</ymin>
			<xmax>488</xmax>
			<ymax>361</ymax>
		</bndbox>
	</object>
</annotation>
