<annotation>
	<folder>one</folder>
	<filename>061.jpg</filename>
	<path>C:\Users\lenovo\Desktop\one\061.jpg</path>
	<source>
		<database>Unknown</database>
	</source>
	<size>
		<width>640</width>
		<height>480</height>
		<depth>3</depth>
	</size>
	<segmented>0</segmented>
	<object>
		<name>fire</name>
		<pose>Unspecified</pose>
		<truncated>0</truncated>
		<difficult>0</difficult>
		<bndbox>
			<xmin>294</xmin>
			<ymin>129</ymin>
			<xmax>398</xmax>
			<ymax>199</ymax>
		</bndbox>
	</object>
	<object>
		<name>candle</name>
		<pose>Unspecified</pose>
		<truncated>0</truncated>
		<difficult>0</difficult>
		<bndbox>
			<xmin>328</xmin>
			<ymin>198</ymin>
			<xmax>466</xmax>
			<ymax>322</ymax>
		</bndbox>
	</object>
</annotation>
