<annotation>
	<folder>one</folder>
	<filename>063.jpg</filename>
	<path>C:\Users\lenovo\Desktop\one\063.jpg</path>
	<source>
		<database>Unknown</database>
	</source>
	<size>
		<width>640</width>
		<height>480</height>
		<depth>3</depth>
	</size>
	<segmented>0</segmented>
	<object>
		<name>fire</name>
		<pose>Unspecified</pose>
		<truncated>0</truncated>
		<difficult>0</difficult>
		<bndbox>
			<xmin>381</xmin>
			<ymin>102</ymin>
			<xmax>462</xmax>
			<ymax>179</ymax>
		</bndbox>
	</object>
	<object>
		<name>candle</name>
		<pose>Unspecified</pose>
		<truncated>0</truncated>
		<difficult>0</difficult>
		<bndbox>
			<xmin>376</xmin>
			<ymin>181</ymin>
			<xmax>452</xmax>
			<ymax>294</ymax>
		</bndbox>
	</object>
</annotation>
