<annotation>
	<folder>one</folder>
	<filename>065.jpg</filename>
	<path>C:\Users\lenovo\Desktop\one\065.jpg</path>
	<source>
		<database>Unknown</database>
	</source>
	<size>
		<width>640</width>
		<height>480</height>
		<depth>3</depth>
	</size>
	<segmented>0</segmented>
	<object>
		<name>fire</name>
		<pose>Unspecified</pose>
		<truncated>0</truncated>
		<difficult>0</difficult>
		<bndbox>
			<xmin>425</xmin>
			<ymin>114</ymin>
			<xmax>493</xmax>
			<ymax>175</ymax>
		</bndbox>
	</object>
	<object>
		<name>candle</name>
		<pose>Unspecified</pose>
		<truncated>0</truncated>
		<difficult>0</difficult>
		<bndbox>
			<xmin>361</xmin>
			<ymin>170</ymin>
			<xmax>474</xmax>
			<ymax>298</ymax>
		</bndbox>
	</object>
</annotation>
