<annotation>
	<folder>one</folder>
	<filename>066.jpg</filename>
	<path>C:\Users\lenovo\Desktop\one\066.jpg</path>
	<source>
		<database>Unknown</database>
	</source>
	<size>
		<width>640</width>
		<height>480</height>
		<depth>3</depth>
	</size>
	<segmented>0</segmented>
	<object>
		<name>fire</name>
		<pose>Unspecified</pose>
		<truncated>0</truncated>
		<difficult>0</difficult>
		<bndbox>
			<xmin>467</xmin>
			<ymin>108</ymin>
			<xmax>533</xmax>
			<ymax>179</ymax>
		</bndbox>
	</object>
	<object>
		<name>candle</name>
		<pose>Unspecified</pose>
		<truncated>0</truncated>
		<difficult>0</difficult>
		<bndbox>
			<xmin>395</xmin>
			<ymin>169</ymin>
			<xmax>508</xmax>
			<ymax>301</ymax>
		</bndbox>
	</object>
</annotation>
