<annotation>
	<folder>one</folder>
	<filename>067.jpg</filename>
	<path>C:\Users\lenovo\Desktop\one\067.jpg</path>
	<source>
		<database>Unknown</database>
	</source>
	<size>
		<width>640</width>
		<height>480</height>
		<depth>3</depth>
	</size>
	<segmented>0</segmented>
	<object>
		<name>fire</name>
		<pose>Unspecified</pose>
		<truncated>0</truncated>
		<difficult>0</difficult>
		<bndbox>
			<xmin>478</xmin>
			<ymin>123</ymin>
			<xmax>562</xmax>
			<ymax>200</ymax>
		</bndbox>
	</object>
	<object>
		<name>candle</name>
		<pose>Unspecified</pose>
		<truncated>0</truncated>
		<difficult>0</difficult>
		<bndbox>
			<xmin>418</xmin>
			<ymin>188</ymin>
			<xmax>537</xmax>
			<ymax>300</ymax>
		</bndbox>
	</object>
</annotation>
