<annotation>
	<folder>one</folder>
	<filename>068.jpg</filename>
	<path>C:\Users\lenovo\Desktop\one\068.jpg</path>
	<source>
		<database>Unknown</database>
	</source>
	<size>
		<width>640</width>
		<height>480</height>
		<depth>3</depth>
	</size>
	<segmented>0</segmented>
	<object>
		<name>fire</name>
		<pose>Unspecified</pose>
		<truncated>0</truncated>
		<difficult>0</difficult>
		<bndbox>
			<xmin>316</xmin>
			<ymin>145</ymin>
			<xmax>411</xmax>
			<ymax>206</ymax>
		</bndbox>
	</object>
	<object>
		<name>candle</name>
		<pose>Unspecified</pose>
		<truncated>0</truncated>
		<difficult>0</difficult>
		<bndbox>
			<xmin>266</xmin>
			<ymin>194</ymin>
			<xmax>383</xmax>
			<ymax>321</ymax>
		</bndbox>
	</object>
</annotation>
