<annotation>
	<folder>one</folder>
	<filename>069.jpg</filename>
	<path>C:\Users\lenovo\Desktop\one\069.jpg</path>
	<source>
		<database>Unknown</database>
	</source>
	<size>
		<width>640</width>
		<height>480</height>
		<depth>3</depth>
	</size>
	<segmented>0</segmented>
	<object>
		<name>fire</name>
		<pose>Unspecified</pose>
		<truncated>0</truncated>
		<difficult>0</difficult>
		<bndbox>
			<xmin>377</xmin>
			<ymin>152</ymin>
			<xmax>470</xmax>
			<ymax>226</ymax>
		</bndbox>
	</object>
	<object>
		<name>candle</name>
		<pose>Unspecified</pose>
		<truncated>0</truncated>
		<difficult>0</difficult>
		<bndbox>
			<xmin>310</xmin>
			<ymin>207</ymin>
			<xmax>428</xmax>
			<ymax>325</ymax>
		</bndbox>
	</object>
</annotation>
