<annotation>
	<folder>one</folder>
	<filename>070.jpg</filename>
	<path>C:\Users\lenovo\Desktop\one\070.jpg</path>
	<source>
		<database>Unknown</database>
	</source>
	<size>
		<width>640</width>
		<height>480</height>
		<depth>3</depth>
	</size>
	<segmented>0</segmented>
	<object>
		<name>fire</name>
		<pose>Unspecified</pose>
		<truncated>0</truncated>
		<difficult>0</difficult>
		<bndbox>
			<xmin>352</xmin>
			<ymin>170</ymin>
			<xmax>428</xmax>
			<ymax>245</ymax>
		</bndbox>
	</object>
	<object>
		<name>candle</name>
		<pose>Unspecified</pose>
		<truncated>0</truncated>
		<difficult>0</difficult>
		<bndbox>
			<xmin>270</xmin>
			<ymin>221</ymin>
			<xmax>391</xmax>
			<ymax>341</ymax>
		</bndbox>
	</object>
</annotation>
