<annotation>
	<folder>one</folder>
	<filename>071.jpg</filename>
	<path>C:\Users\lenovo\Desktop\one\071.jpg</path>
	<source>
		<database>Unknown</database>
	</source>
	<size>
		<width>640</width>
		<height>480</height>
		<depth>3</depth>
	</size>
	<segmented>0</segmented>
	<object>
		<name>fire</name>
		<pose>Unspecified</pose>
		<truncated>0</truncated>
		<difficult>0</difficult>
		<bndbox>
			<xmin>364</xmin>
			<ymin>148</ymin>
			<xmax>452</xmax>
			<ymax>213</ymax>
		</bndbox>
	</object>
	<object>
		<name>candle</name>
		<pose>Unspecified</pose>
		<truncated>0</truncated>
		<difficult>0</difficult>
		<bndbox>
			<xmin>277</xmin>
			<ymin>189</ymin>
			<xmax>413</xmax>
			<ymax>317</ymax>
		</bndbox>
	</object>
</annotation>
