<annotation>
	<folder>one</folder>
	<filename>072.jpg</filename>
	<path>C:\Users\lenovo\Desktop\one\072.jpg</path>
	<source>
		<database>Unknown</database>
	</source>
	<size>
		<width>640</width>
		<height>480</height>
		<depth>3</depth>
	</size>
	<segmented>0</segmented>
	<object>
		<name>fire</name>
		<pose>Unspecified</pose>
		<truncated>0</truncated>
		<difficult>0</difficult>
		<bndbox>
			<xmin>299</xmin>
			<ymin>142</ymin>
			<xmax>381</xmax>
			<ymax>212</ymax>
		</bndbox>
	</object>
	<object>
		<name>candle</name>
		<pose>Unspecified</pose>
		<truncated>0</truncated>
		<difficult>0</difficult>
		<bndbox>
			<xmin>213</xmin>
			<ymin>193</ymin>
			<xmax>332</xmax>
			<ymax>311</ymax>
		</bndbox>
	</object>
</annotation>
