<annotation>
	<folder>one</folder>
	<filename>073.jpg</filename>
	<path>C:\Users\lenovo\Desktop\one\073.jpg</path>
	<source>
		<database>Unknown</database>
	</source>
	<size>
		<width>640</width>
		<height>480</height>
		<depth>3</depth>
	</size>
	<segmented>0</segmented>
	<object>
		<name>fire</name>
		<pose>Unspecified</pose>
		<truncated>0</truncated>
		<difficult>0</difficult>
		<bndbox>
			<xmin>287</xmin>
			<ymin>116</ymin>
			<xmax>371</xmax>
			<ymax>194</ymax>
		</bndbox>
	</object>
	<object>
		<name>candle</name>
		<pose>Unspecified</pose>
		<truncated>0</truncated>
		<difficult>0</difficult>
		<bndbox>
			<xmin>211</xmin>
			<ymin>179</ymin>
			<xmax>335</xmax>
			<ymax>303</ymax>
		</bndbox>
	</object>
</annotation>
