<annotation>
	<folder>one</folder>
	<filename>074.jpg</filename>
	<path>C:\Users\lenovo\Desktop\one\074.jpg</path>
	<source>
		<database>Unknown</database>
	</source>
	<size>
		<width>640</width>
		<height>480</height>
		<depth>3</depth>
	</size>
	<segmented>0</segmented>
	<object>
		<name>fire</name>
		<pose>Unspecified</pose>
		<truncated>0</truncated>
		<difficult>0</difficult>
		<bndbox>
			<xmin>304</xmin>
			<ymin>109</ymin>
			<xmax>372</xmax>
			<ymax>183</ymax>
		</bndbox>
	</object>
	<object>
		<name>candle</name>
		<pose>Unspecified</pose>
		<truncated>0</truncated>
		<difficult>0</difficult>
		<bndbox>
			<xmin>232</xmin>
			<ymin>167</ymin>
			<xmax>352</xmax>
			<ymax>285</ymax>
		</bndbox>
	</object>
</annotation>
