<annotation>
	<folder>one</folder>
	<filename>075.jpg</filename>
	<path>C:\Users\lenovo\Desktop\one\075.jpg</path>
	<source>
		<database>Unknown</database>
	</source>
	<size>
		<width>640</width>
		<height>480</height>
		<depth>3</depth>
	</size>
	<segmented>0</segmented>
	<object>
		<name>fire</name>
		<pose>Unspecified</pose>
		<truncated>0</truncated>
		<difficult>0</difficult>
		<bndbox>
			<xmin>292</xmin>
			<ymin>87</ymin>
			<xmax>366</xmax>
			<ymax>177</ymax>
		</bndbox>
	</object>
	<object>
		<name>candle</name>
		<pose>Unspecified</pose>
		<truncated>0</truncated>
		<difficult>0</difficult>
		<bndbox>
			<xmin>253</xmin>
			<ymin>139</ymin>
			<xmax>360</xmax>
			<ymax>271</ymax>
		</bndbox>
	</object>
</annotation>
