<annotation>
	<folder>one</folder>
	<filename>076.jpg</filename>
	<path>C:\Users\lenovo\Desktop\one\076.jpg</path>
	<source>
		<database>Unknown</database>
	</source>
	<size>
		<width>640</width>
		<height>480</height>
		<depth>3</depth>
	</size>
	<segmented>0</segmented>
	<object>
		<name>fire</name>
		<pose>Unspecified</pose>
		<truncated>0</truncated>
		<difficult>0</difficult>
		<bndbox>
			<xmin>277</xmin>
			<ymin>76</ymin>
			<xmax>350</xmax>
			<ymax>164</ymax>
		</bndbox>
	</object>
	<object>
		<name>candle</name>
		<pose>Unspecified</pose>
		<truncated>0</truncated>
		<difficult>0</difficult>
		<bndbox>
			<xmin>276</xmin>
			<ymin>151</ymin>
			<xmax>394</xmax>
			<ymax>359</ymax>
		</bndbox>
	</object>
</annotation>
