<annotation>
	<folder>one</folder>
	<filename>077.jpg</filename>
	<path>C:\Users\lenovo\Desktop\one\077.jpg</path>
	<source>
		<database>Unknown</database>
	</source>
	<size>
		<width>640</width>
		<height>480</height>
		<depth>3</depth>
	</size>
	<segmented>0</segmented>
	<object>
		<name>fire</name>
		<pose>Unspecified</pose>
		<truncated>0</truncated>
		<difficult>0</difficult>
		<bndbox>
			<xmin>310</xmin>
			<ymin>132</ymin>
			<xmax>411</xmax>
			<ymax>207</ymax>
		</bndbox>
	</object>
	<object>
		<name>candle</name>
		<pose>Unspecified</pose>
		<truncated>0</truncated>
		<difficult>0</difficult>
		<bndbox>
			<xmin>347</xmin>
			<ymin>196</ymin>
			<xmax>509</xmax>
			<ymax>373</ymax>
		</bndbox>
	</object>
</annotation>
