<annotation>
	<folder>one</folder>
	<filename>078.jpg</filename>
	<path>C:\Users\lenovo\Desktop\one\078.jpg</path>
	<source>
		<database>Unknown</database>
	</source>
	<size>
		<width>640</width>
		<height>480</height>
		<depth>3</depth>
	</size>
	<segmented>0</segmented>
	<object>
		<name>fire</name>
		<pose>Unspecified</pose>
		<truncated>0</truncated>
		<difficult>0</difficult>
		<bndbox>
			<xmin>293</xmin>
			<ymin>154</ymin>
			<xmax>396</xmax>
			<ymax>256</ymax>
		</bndbox>
	</object>
	<object>
		<name>candle</name>
		<pose>Unspecified</pose>
		<truncated>0</truncated>
		<difficult>0</difficult>
		<bndbox>
			<xmin>357</xmin>
			<ymin>184</ymin>
			<xmax>531</xmax>
			<ymax>355</ymax>
		</bndbox>
	</object>
</annotation>
