<annotation>
	<folder>one</folder>
	<filename>079.jpg</filename>
	<path>C:\Users\lenovo\Desktop\one\079.jpg</path>
	<source>
		<database>Unknown</database>
	</source>
	<size>
		<width>640</width>
		<height>480</height>
		<depth>3</depth>
	</size>
	<segmented>0</segmented>
	<object>
		<name>fire</name>
		<pose>Unspecified</pose>
		<truncated>0</truncated>
		<difficult>0</difficult>
		<bndbox>
			<xmin>450</xmin>
			<ymin>204</ymin>
			<xmax>552</xmax>
			<ymax>299</ymax>
		</bndbox>
	</object>
	<object>
		<name>candle</name>
		<pose>Unspecified</pose>
		<truncated>0</truncated>
		<difficult>0</difficult>
		<bndbox>
			<xmin>515</xmin>
			<ymin>245</ymin>
			<xmax>639</xmax>
			<ymax>407</ymax>
		</bndbox>
	</object>
</annotation>
