<annotation>
	<folder>one</folder>
	<filename>080.jpg</filename>
	<path>C:\Users\lenovo\Desktop\one\080.jpg</path>
	<source>
		<database>Unknown</database>
	</source>
	<size>
		<width>640</width>
		<height>480</height>
		<depth>3</depth>
	</size>
	<segmented>0</segmented>
	<object>
		<name>fire</name>
		<pose>Unspecified</pose>
		<truncated>0</truncated>
		<difficult>0</difficult>
		<bndbox>
			<xmin>429</xmin>
			<ymin>226</ymin>
			<xmax>550</xmax>
			<ymax>312</ymax>
		</bndbox>
	</object>
	<object>
		<name>candle</name>
		<pose>Unspecified</pose>
		<truncated>0</truncated>
		<difficult>0</difficult>
		<bndbox>
			<xmin>461</xmin>
			<ymin>278</ymin>
			<xmax>607</xmax>
			<ymax>394</ymax>
		</bndbox>
	</object>
</annotation>
