<annotation>
	<folder>one</folder>
	<filename>081.jpg</filename>
	<path>C:\Users\lenovo\Desktop\one\081.jpg</path>
	<source>
		<database>Unknown</database>
	</source>
	<size>
		<width>640</width>
		<height>480</height>
		<depth>3</depth>
	</size>
	<segmented>0</segmented>
	<object>
		<name>fire</name>
		<pose>Unspecified</pose>
		<truncated>0</truncated>
		<difficult>0</difficult>
		<bndbox>
			<xmin>441</xmin>
			<ymin>217</ymin>
			<xmax>540</xmax>
			<ymax>290</ymax>
		</bndbox>
	</object>
	<object>
		<name>candle</name>
		<pose>Unspecified</pose>
		<truncated>0</truncated>
		<difficult>0</difficult>
		<bndbox>
			<xmin>467</xmin>
			<ymin>264</ymin>
			<xmax>590</xmax>
			<ymax>402</ymax>
		</bndbox>
	</object>
</annotation>
