<annotation>
	<folder>one</folder>
	<filename>082.jpg</filename>
	<path>C:\Users\lenovo\Desktop\one\082.jpg</path>
	<source>
		<database>Unknown</database>
	</source>
	<size>
		<width>640</width>
		<height>480</height>
		<depth>3</depth>
	</size>
	<segmented>0</segmented>
	<object>
		<name>fire</name>
		<pose>Unspecified</pose>
		<truncated>0</truncated>
		<difficult>0</difficult>
		<bndbox>
			<xmin>469</xmin>
			<ymin>196</ymin>
			<xmax>579</xmax>
			<ymax>311</ymax>
		</bndbox>
	</object>
	<object>
		<name>candle</name>
		<pose>Unspecified</pose>
		<truncated>0</truncated>
		<difficult>0</difficult>
		<bndbox>
			<xmin>491</xmin>
			<ymin>272</ymin>
			<xmax>614</xmax>
			<ymax>398</ymax>
		</bndbox>
	</object>
</annotation>
