<annotation>
	<folder>one</folder>
	<filename>083.jpg</filename>
	<path>C:\Users\lenovo\Desktop\one\083.jpg</path>
	<source>
		<database>Unknown</database>
	</source>
	<size>
		<width>640</width>
		<height>480</height>
		<depth>3</depth>
	</size>
	<segmented>0</segmented>
	<object>
		<name>fire</name>
		<pose>Unspecified</pose>
		<truncated>0</truncated>
		<difficult>0</difficult>
		<bndbox>
			<xmin>539</xmin>
			<ymin>203</ymin>
			<xmax>638</xmax>
			<ymax>284</ymax>
		</bndbox>
	</object>
	<object>
		<name>candle</name>
		<pose>Unspecified</pose>
		<truncated>1</truncated>
		<difficult>0</difficult>
		<bndbox>
			<xmin>551</xmin>
			<ymin>277</ymin>
			<xmax>640</xmax>
			<ymax>410</ymax>
		</bndbox>
	</object>
</annotation>
