<annotation>
	<folder>one</folder>
	<filename>084.jpg</filename>
	<path>C:\Users\lenovo\Desktop\one\084.jpg</path>
	<source>
		<database>Unknown</database>
	</source>
	<size>
		<width>640</width>
		<height>480</height>
		<depth>3</depth>
	</size>
	<segmented>0</segmented>
	<object>
		<name>fire</name>
		<pose>Unspecified</pose>
		<truncated>0</truncated>
		<difficult>0</difficult>
		<bndbox>
			<xmin>268</xmin>
			<ymin>78</ymin>
			<xmax>320</xmax>
			<ymax>140</ymax>
		</bndbox>
	</object>
	<object>
		<name>candle</name>
		<pose>Unspecified</pose>
		<truncated>0</truncated>
		<difficult>0</difficult>
		<bndbox>
			<xmin>254</xmin>
			<ymin>130</ymin>
			<xmax>325</xmax>
			<ymax>228</ymax>
		</bndbox>
	</object>
</annotation>
