<annotation>
	<folder>one</folder>
	<filename>085.jpg</filename>
	<path>C:\Users\lenovo\Desktop\one\085.jpg</path>
	<source>
		<database>Unknown</database>
	</source>
	<size>
		<width>640</width>
		<height>480</height>
		<depth>3</depth>
	</size>
	<segmented>0</segmented>
	<object>
		<name>fire</name>
		<pose>Unspecified</pose>
		<truncated>0</truncated>
		<difficult>0</difficult>
		<bndbox>
			<xmin>329</xmin>
			<ymin>91</ymin>
			<xmax>388</xmax>
			<ymax>132</ymax>
		</bndbox>
	</object>
	<object>
		<name>fire</name>
		<pose>Unspecified</pose>
		<truncated>0</truncated>
		<difficult>0</difficult>
		<bndbox>
			<xmin>323</xmin>
			<ymin>131</ymin>
			<xmax>376</xmax>
			<ymax>225</ymax>
		</bndbox>
	</object>
</annotation>
