<annotation>
	<folder>one</folder>
	<filename>086.jpg</filename>
	<path>C:\Users\lenovo\Desktop\one\086.jpg</path>
	<source>
		<database>Unknown</database>
	</source>
	<size>
		<width>640</width>
		<height>480</height>
		<depth>3</depth>
	</size>
	<segmented>0</segmented>
	<object>
		<name>fire</name>
		<pose>Unspecified</pose>
		<truncated>0</truncated>
		<difficult>0</difficult>
		<bndbox>
			<xmin>362</xmin>
			<ymin>107</ymin>
			<xmax>401</xmax>
			<ymax>141</ymax>
		</bndbox>
	</object>
	<object>
		<name>candle</name>
		<pose>Unspecified</pose>
		<truncated>0</truncated>
		<difficult>0</difficult>
		<bndbox>
			<xmin>333</xmin>
			<ymin>135</ymin>
			<xmax>399</xmax>
			<ymax>240</ymax>
		</bndbox>
	</object>
</annotation>
