<annotation>
	<folder>one</folder>
	<filename>087.jpg</filename>
	<path>C:\Users\lenovo\Desktop\one\087.jpg</path>
	<source>
		<database>Unknown</database>
	</source>
	<size>
		<width>640</width>
		<height>480</height>
		<depth>3</depth>
	</size>
	<segmented>0</segmented>
	<object>
		<name>fire</name>
		<pose>Unspecified</pose>
		<truncated>0</truncated>
		<difficult>0</difficult>
		<bndbox>
			<xmin>317</xmin>
			<ymin>96</ymin>
			<xmax>362</xmax>
			<ymax>137</ymax>
		</bndbox>
	</object>
	<object>
		<name>candle</name>
		<pose>Unspecified</pose>
		<truncated>0</truncated>
		<difficult>0</difficult>
		<bndbox>
			<xmin>286</xmin>
			<ymin>136</ymin>
			<xmax>362</xmax>
			<ymax>226</ymax>
		</bndbox>
	</object>
</annotation>
