<annotation>
	<folder>one</folder>
	<filename>088.jpg</filename>
	<path>C:\Users\lenovo\Desktop\one\088.jpg</path>
	<source>
		<database>Unknown</database>
	</source>
	<size>
		<width>640</width>
		<height>480</height>
		<depth>3</depth>
	</size>
	<segmented>0</segmented>
	<object>
		<name>fire</name>
		<pose>Unspecified</pose>
		<truncated>0</truncated>
		<difficult>0</difficult>
		<bndbox>
			<xmin>245</xmin>
			<ymin>64</ymin>
			<xmax>298</xmax>
			<ymax>118</ymax>
		</bndbox>
	</object>
	<object>
		<name>candle</name>
		<pose>Unspecified</pose>
		<truncated>0</truncated>
		<difficult>0</difficult>
		<bndbox>
			<xmin>228</xmin>
			<ymin>111</ymin>
			<xmax>293</xmax>
			<ymax>208</ymax>
		</bndbox>
	</object>
</annotation>
