<annotation>
	<folder>one</folder>
	<filename>089.jpg</filename>
	<path>C:\Users\lenovo\Desktop\one\089.jpg</path>
	<source>
		<database>Unknown</database>
	</source>
	<size>
		<width>640</width>
		<height>480</height>
		<depth>3</depth>
	</size>
	<segmented>0</segmented>
	<object>
		<name>fire</name>
		<pose>Unspecified</pose>
		<truncated>0</truncated>
		<difficult>0</difficult>
		<bndbox>
			<xmin>337</xmin>
			<ymin>58</ymin>
			<xmax>387</xmax>
			<ymax>101</ymax>
		</bndbox>
	</object>
	<object>
		<name>candle</name>
		<pose>Unspecified</pose>
		<truncated>0</truncated>
		<difficult>0</difficult>
		<bndbox>
			<xmin>317</xmin>
			<ymin>105</ymin>
			<xmax>382</xmax>
			<ymax>211</ymax>
		</bndbox>
	</object>
</annotation>
