<annotation>
	<folder>one</folder>
	<filename>090.jpg</filename>
	<path>C:\Users\lenovo\Desktop\one\090.jpg</path>
	<source>
		<database>Unknown</database>
	</source>
	<size>
		<width>640</width>
		<height>480</height>
		<depth>3</depth>
	</size>
	<segmented>0</segmented>
	<object>
		<name>fire</name>
		<pose>Unspecified</pose>
		<truncated>0</truncated>
		<difficult>0</difficult>
		<bndbox>
			<xmin>408</xmin>
			<ymin>53</ymin>
			<xmax>455</xmax>
			<ymax>106</ymax>
		</bndbox>
	</object>
	<object>
		<name>candle</name>
		<pose>Unspecified</pose>
		<truncated>0</truncated>
		<difficult>0</difficult>
		<bndbox>
			<xmin>406</xmin>
			<ymin>100</ymin>
			<xmax>467</xmax>
			<ymax>207</ymax>
		</bndbox>
	</object>
</annotation>
