<annotation>
	<folder>one</folder>
	<filename>091.jpg</filename>
	<path>C:\Users\lenovo\Desktop\one\091.jpg</path>
	<source>
		<database>Unknown</database>
	</source>
	<size>
		<width>640</width>
		<height>480</height>
		<depth>3</depth>
	</size>
	<segmented>0</segmented>
	<object>
		<name>fire</name>
		<pose>Unspecified</pose>
		<truncated>0</truncated>
		<difficult>0</difficult>
		<bndbox>
			<xmin>445</xmin>
			<ymin>102</ymin>
			<xmax>492</xmax>
			<ymax>157</ymax>
		</bndbox>
	</object>
	<object>
		<name>candle</name>
		<pose>Unspecified</pose>
		<truncated>0</truncated>
		<difficult>0</difficult>
		<bndbox>
			<xmin>438</xmin>
			<ymin>151</ymin>
			<xmax>498</xmax>
			<ymax>252</ymax>
		</bndbox>
	</object>
</annotation>
