<annotation>
	<folder>one</folder>
	<filename>092.jpg</filename>
	<path>C:\Users\lenovo\Desktop\one\092.jpg</path>
	<source>
		<database>Unknown</database>
	</source>
	<size>
		<width>640</width>
		<height>480</height>
		<depth>3</depth>
	</size>
	<segmented>0</segmented>
	<object>
		<name>fire</name>
		<pose>Unspecified</pose>
		<truncated>0</truncated>
		<difficult>0</difficult>
		<bndbox>
			<xmin>450</xmin>
			<ymin>88</ymin>
			<xmax>508</xmax>
			<ymax>130</ymax>
		</bndbox>
	</object>
	<object>
		<name>candle</name>
		<pose>Unspecified</pose>
		<truncated>0</truncated>
		<difficult>0</difficult>
		<bndbox>
			<xmin>439</xmin>
			<ymin>135</ymin>
			<xmax>521</xmax>
			<ymax>231</ymax>
		</bndbox>
	</object>
</annotation>
