<annotation>
	<folder>one</folder>
	<filename>093.jpg</filename>
	<path>C:\Users\lenovo\Desktop\one\093.jpg</path>
	<source>
		<database>Unknown</database>
	</source>
	<size>
		<width>640</width>
		<height>480</height>
		<depth>3</depth>
	</size>
	<segmented>0</segmented>
	<object>
		<name>fire</name>
		<pose>Unspecified</pose>
		<truncated>0</truncated>
		<difficult>0</difficult>
		<bndbox>
			<xmin>449</xmin>
			<ymin>60</ymin>
			<xmax>515</xmax>
			<ymax>119</ymax>
		</bndbox>
	</object>
	<object>
		<name>candle</name>
		<pose>Unspecified</pose>
		<truncated>0</truncated>
		<difficult>0</difficult>
		<bndbox>
			<xmin>468</xmin>
			<ymin>118</ymin>
			<xmax>527</xmax>
			<ymax>212</ymax>
		</bndbox>
	</object>
</annotation>
