<annotation>
	<folder>one</folder>
	<filename>094.jpg</filename>
	<path>C:\Users\lenovo\Desktop\one\094.jpg</path>
	<source>
		<database>Unknown</database>
	</source>
	<size>
		<width>640</width>
		<height>480</height>
		<depth>3</depth>
	</size>
	<segmented>0</segmented>
	<object>
		<name>fire</name>
		<pose>Unspecified</pose>
		<truncated>0</truncated>
		<difficult>0</difficult>
		<bndbox>
			<xmin>408</xmin>
			<ymin>103</ymin>
			<xmax>454</xmax>
			<ymax>149</ymax>
		</bndbox>
	</object>
	<object>
		<name>candle</name>
		<pose>Unspecified</pose>
		<truncated>0</truncated>
		<difficult>0</difficult>
		<bndbox>
			<xmin>401</xmin>
			<ymin>146</ymin>
			<xmax>475</xmax>
			<ymax>241</ymax>
		</bndbox>
	</object>
</annotation>
