<annotation>
	<folder>one</folder>
	<filename>095.jpg</filename>
	<path>C:\Users\lenovo\Desktop\one\095.jpg</path>
	<source>
		<database>Unknown</database>
	</source>
	<size>
		<width>640</width>
		<height>480</height>
		<depth>3</depth>
	</size>
	<segmented>0</segmented>
	<object>
		<name>fire</name>
		<pose>Unspecified</pose>
		<truncated>0</truncated>
		<difficult>0</difficult>
		<bndbox>
			<xmin>377</xmin>
			<ymin>104</ymin>
			<xmax>413</xmax>
			<ymax>143</ymax>
		</bndbox>
	</object>
	<object>
		<name>candle</name>
		<pose>Unspecified</pose>
		<truncated>0</truncated>
		<difficult>0</difficult>
		<bndbox>
			<xmin>356</xmin>
			<ymin>135</ymin>
			<xmax>411</xmax>
			<ymax>224</ymax>
		</bndbox>
	</object>
</annotation>
