<annotation>
	<folder>one</folder>
	<filename>096.jpg</filename>
	<path>C:\Users\lenovo\Desktop\one\096.jpg</path>
	<source>
		<database>Unknown</database>
	</source>
	<size>
		<width>640</width>
		<height>480</height>
		<depth>3</depth>
	</size>
	<segmented>0</segmented>
	<object>
		<name>fire</name>
		<pose>Unspecified</pose>
		<truncated>0</truncated>
		<difficult>0</difficult>
		<bndbox>
			<xmin>369</xmin>
			<ymin>76</ymin>
			<xmax>428</xmax>
			<ymax>114</ymax>
		</bndbox>
	</object>
	<object>
		<name>candle</name>
		<pose>Unspecified</pose>
		<truncated>0</truncated>
		<difficult>0</difficult>
		<bndbox>
			<xmin>369</xmin>
			<ymin>116</ymin>
			<xmax>415</xmax>
			<ymax>205</ymax>
		</bndbox>
	</object>
</annotation>
