<annotation>
	<folder>one</folder>
	<filename>097.jpg</filename>
	<path>C:\Users\lenovo\Desktop\one\097.jpg</path>
	<source>
		<database>Unknown</database>
	</source>
	<size>
		<width>640</width>
		<height>480</height>
		<depth>3</depth>
	</size>
	<segmented>0</segmented>
	<object>
		<name>fire</name>
		<pose>Unspecified</pose>
		<truncated>0</truncated>
		<difficult>0</difficult>
		<bndbox>
			<xmin>388</xmin>
			<ymin>66</ymin>
			<xmax>433</xmax>
			<ymax>106</ymax>
		</bndbox>
	</object>
	<object>
		<name>candle</name>
		<pose>Unspecified</pose>
		<truncated>0</truncated>
		<difficult>0</difficult>
		<bndbox>
			<xmin>369</xmin>
			<ymin>103</ymin>
			<xmax>424</xmax>
			<ymax>185</ymax>
		</bndbox>
	</object>
</annotation>
