<annotation>
	<folder>one</folder>
	<filename>098.jpg</filename>
	<path>C:\Users\lenovo\Desktop\one\098.jpg</path>
	<source>
		<database>Unknown</database>
	</source>
	<size>
		<width>640</width>
		<height>480</height>
		<depth>3</depth>
	</size>
	<segmented>0</segmented>
	<object>
		<name>fire</name>
		<pose>Unspecified</pose>
		<truncated>0</truncated>
		<difficult>0</difficult>
		<bndbox>
			<xmin>475</xmin>
			<ymin>101</ymin>
			<xmax>529</xmax>
			<ymax>143</ymax>
		</bndbox>
	</object>
	<object>
		<name>candle</name>
		<pose>Unspecified</pose>
		<truncated>0</truncated>
		<difficult>0</difficult>
		<bndbox>
			<xmin>478</xmin>
			<ymin>128</ymin>
			<xmax>527</xmax>
			<ymax>215</ymax>
		</bndbox>
	</object>
</annotation>
