<annotation>
	<folder>one</folder>
	<filename>099.jpg</filename>
	<path>C:\Users\lenovo\Desktop\one\099.jpg</path>
	<source>
		<database>Unknown</database>
	</source>
	<size>
		<width>640</width>
		<height>480</height>
		<depth>3</depth>
	</size>
	<segmented>0</segmented>
	<object>
		<name>fire</name>
		<pose>Unspecified</pose>
		<truncated>0</truncated>
		<difficult>0</difficult>
		<bndbox>
			<xmin>384</xmin>
			<ymin>149</ymin>
			<xmax>421</xmax>
			<ymax>184</ymax>
		</bndbox>
	</object>
	<object>
		<name>candle</name>
		<pose>Unspecified</pose>
		<truncated>0</truncated>
		<difficult>0</difficult>
		<bndbox>
			<xmin>374</xmin>
			<ymin>182</ymin>
			<xmax>426</xmax>
			<ymax>265</ymax>
		</bndbox>
	</object>
</annotation>
